library	run	sample	include	Project
NCT_1	2021_Bothwell_novogene_S4	NCT_1	N	HBDecra
NCT_3	2021_Bothwell_novogene_S4	NCT_3	N	HBDecra
NCT	2021_Bothwell_novogene_S4	NCT	N	HBDecra
NSW0020	2021_Bothwell_novogene_S4	NSW0020	Y	HBDecra
NSW0023	2021_Bothwell_novogene_S4	NSW0023	Y	HBDecra
NSW0025	2021_Bothwell_novogene_S4	NSW0025	Y	HBDecra
NSW0030	2021_Bothwell_novogene_S4	NSW0030	Y	HBDecra
NSW0034	2021_Bothwell_novogene_S4	NSW0034	Y	HBDecra
NSW0042	2021_Bothwell_novogene_S4	NSW0042	Y	HBDecra
NSW0043	2021_Bothwell_novogene_S4	NSW0043	Y	HBDecra
NSW0047	2021_Bothwell_novogene_S4	NSW0047	Y	HBDecra
NSW0053	2021_Bothwell_novogene_S4	NSW0053	Y	HBDecra
NSW0054	2021_Bothwell_novogene_S4	NSW0054	Y	HBDecra
NSW0056	2021_Bothwell_novogene_S4	NSW0056	Y	HBDecra
NSW0057	2021_Bothwell_novogene_S4	NSW0057	Y	HBDecra
NSW0058	2021_Bothwell_novogene_S4	NSW0058	Y	HBDecra
NSW0059	2021_Bothwell_novogene_S4	NSW0059	Y	HBDecra
NSW0060	2021_Bothwell_novogene_S4	NSW0060	Y	HBDecra
NSW0061	2021_Bothwell_novogene_S4	NSW0061	Y	HBDecra
NSW0067_1	2021_Bothwell_novogene_S4	NSW0067_1	Y	HBDecra
NSW0067_2	2021_Bothwell_novogene_S4	NSW0067_2	Y	HBDecra
NSW0067_1	2021_Bothwell_novogene_S4	NSW0067	Y	HBDecra
NSW0067_2	2021_Bothwell_novogene_S4	NSW0067	Y	HBDecra
NSW0069	2021_Bothwell_novogene_S4	NSW0069	Y	HBDecra
NSW0074	2021_Bothwell_novogene_S4	NSW0074	Y	HBDecra
NSW0078	2021_Bothwell_novogene_S4	NSW0078	Y	HBDecra
NSW0079	2021_Bothwell_novogene_S4	NSW0079	Y	HBDecra
NSW0082	2021_Bothwell_novogene_S4	NSW0082	Y	HBDecra
NSW0088	2021_Bothwell_novogene_S4	NSW0088	Y	HBDecra
NSW0091	2021_Bothwell_novogene_S4	NSW0091	Y	HBDecra
NSW0093	2021_Bothwell_novogene_S4	NSW0093	Y	HBDecra
NSW0096	2021_Bothwell_novogene_S4	NSW0096	Y	HBDecra
NSW0097	2021_Bothwell_novogene_S4	NSW0097	Y	HBDecra
NSW0098	2021_Bothwell_novogene_S4	NSW0098	Y	HBDecra
NSW0101	2021_Bothwell_novogene_S4	NSW0101	Y	HBDecra
NSW0105	2021_Bothwell_novogene_S4	NSW0105	Y	HBDecra
NSW0106	2021_Bothwell_novogene_S4	NSW0106	Y	HBDecra
NSW0108	2021_Bothwell_novogene_S4	NSW0108	Y	HBDecra
NSW0113	2021_Bothwell_novogene_S4	NSW0113	Y	HBDecra
NSW0114	2021_Bothwell_novogene_S4	NSW0114	Y	HBDecra
NSW0116	2021_Bothwell_novogene_S4	NSW0116	Y	HBDecra
NSW0118	2021_Bothwell_novogene_S4	NSW0118	Y	HBDecra
NSW0120	2021_Bothwell_novogene_S4	NSW0120	Y	HBDecra
NSW0128_1	2021_Bothwell_novogene_S4	NSW0128_1	Y	HBDecra
NSW0128_2	2021_Bothwell_novogene_S4	NSW0128_2	Y	HBDecra
NSW0128_1	2021_Bothwell_novogene_S4	NSW0128	Y	HBDecra
NSW0128_2	2021_Bothwell_novogene_S4	NSW0128	Y	HBDecra
NSW0129	2021_Bothwell_novogene_S4	NSW0129	Y	HBDecra
NSW0131	2021_Bothwell_novogene_S4	NSW0131	Y	HBDecra
NSW0137	2021_Bothwell_novogene_S4	NSW0137	Y	HBDecra
NSW0142	2021_Bothwell_novogene_S4	NSW0142	Y	HBDecra
NSW0148	2021_Bothwell_novogene_S4	NSW0148	Y	HBDecra
NSW0153	2021_Bothwell_novogene_S4	NSW0153	Y	HBDecra
NSW0159	2021_Bothwell_novogene_S4	NSW0159	Y	HBDecra
NSW0165	2021_Bothwell_novogene_S4	NSW0165	Y	HBDecra
NSW0166	2021_Bothwell_novogene_S4	NSW0166	Y	HBDecra
NSW0170	2021_Bothwell_novogene_S4	NSW0170	Y	HBDecra
NSW0172	2021_Bothwell_novogene_S4	NSW0172	Y	HBDecra
NSW0174	2021_Bothwell_novogene_S4	NSW0174	Y	HBDecra
NSW0175	2021_Bothwell_novogene_S4	NSW0175	Y	HBDecra
NSW0180	2021_Bothwell_novogene_S4	NSW0180	Y	HBDecra
NSW0181	2021_Bothwell_novogene_S4	NSW0181	Y	HBDecra
NSW0185	2021_Bothwell_novogene_S4	NSW0185	Y	HBDecra
NSW0186	2021_Bothwell_novogene_S4	NSW0186	Y	HBDecra
NSW0188	2021_Bothwell_novogene_S4	NSW0188	Y	HBDecra
NSW0189	2021_Bothwell_novogene_S4	NSW0189	Y	HBDecra
NSW0190	2021_Bothwell_novogene_S4	NSW0190	Y	HBDecra
NSW0191	2021_Bothwell_novogene_S4	NSW0191	Y	HBDecra
NSW0197	2021_Bothwell_novogene_S4	NSW0197	Y	HBDecra
NSW0198	2021_Bothwell_novogene_S4	NSW0198	Y	HBDecra
NSW0199	2021_Bothwell_novogene_S4	NSW0199	Y	HBDecra
NSW0200	2021_Bothwell_novogene_S4	NSW0200	Y	HBDecra
NSW0201	2021_Bothwell_novogene_S4	NSW0201	Y	HBDecra
NSW0202	2021_Bothwell_novogene_S4	NSW0202	Y	HBDecra
NSW0205	2021_Bothwell_novogene_S4	NSW0205	Y	HBDecra
NSW0206	2021_Bothwell_novogene_S4	NSW0206	Y	HBDecra
NSW0207_1	2021_Bothwell_novogene_S4	NSW0207_1	Y	HBDecra
NSW0207_2	2021_Bothwell_novogene_S4	NSW0207_2	Y	HBDecra
NSW0207_1	2021_Bothwell_novogene_S4	NSW0207	Y	HBDecra
NSW0207_2	2021_Bothwell_novogene_S4	NSW0207	Y	HBDecra
NSW0213	2021_Bothwell_novogene_S4	NSW0213	Y	HBDecra
NSW0220	2021_Bothwell_novogene_S4	NSW0220	Y	HBDecra
NSW0221	2021_Bothwell_novogene_S4	NSW0221	Y	HBDecra
NSW0222	2021_Bothwell_novogene_S4	NSW0222	Y	HBDecra
NSW0223	2021_Bothwell_novogene_S4	NSW0223	Y	HBDecra
NSW0224	2021_Bothwell_novogene_S4	NSW0224	Y	HBDecra
NSW0225	2021_Bothwell_novogene_S4	NSW0225	Y	HBDecra
NSW0226	2021_Bothwell_novogene_S4	NSW0226	Y	HBDecra
NSW0228	2021_Bothwell_novogene_S4	NSW0228	Y	HBDecra
NSW0229	2021_Bothwell_novogene_S4	NSW0229	Y	HBDecra
NSW0230	2021_Bothwell_novogene_S4	NSW0230	Y	HBDecra
NSW0231	2021_Bothwell_novogene_S4	NSW0231	Y	HBDecra
NSW0232	2021_Bothwell_novogene_S4	NSW0232	Y	HBDecra
NSW0234	2021_Bothwell_novogene_S4	NSW0234	Y	HBDecra
NSW0235	2021_Bothwell_novogene_S4	NSW0235	Y	HBDecra
NSW0249	2021_Bothwell_novogene_S4	NSW0249	Y	HBDecra
NSW0251	2021_Bothwell_novogene_S4	NSW0251	Y	HBDecra
NSW0252	2021_Bothwell_novogene_S4	NSW0252	Y	HBDecra
NSW0254	2021_Bothwell_novogene_S4	NSW0254	Y	HBDecra
NSW0255	2021_Bothwell_novogene_S4	NSW0255	Y	HBDecra
NSW0256	2021_Bothwell_novogene_S4	NSW0256	Y	HBDecra
NSW0257	2021_Bothwell_novogene_S4	NSW0257	Y	HBDecra
NSW0258	2021_Bothwell_novogene_S4	NSW0258	Y	HBDecra
NSW0259	2021_Bothwell_novogene_S4	NSW0259	Y	HBDecra
NSW0260_1	2021_Bothwell_novogene_S4	NSW0260_1	Y	HBDecra
NSW0260_2	2021_Bothwell_novogene_S4	NSW0260_2	Y	HBDecra
NSW0260_1	2021_Bothwell_novogene_S4	NSW0260	Y	HBDecra
NSW0260_2	2021_Bothwell_novogene_S4	NSW0260	Y	HBDecra
NSW0261	2021_Bothwell_novogene_S4	NSW0261	Y	HBDecra
NSW0263	2021_Bothwell_novogene_S4	NSW0263	Y	HBDecra
NSW0264	2021_Bothwell_novogene_S4	NSW0264	Y	HBDecra
NSW0268	2021_Bothwell_novogene_S4	NSW0268	Y	HBDecra
NSW0279	2021_Bothwell_novogene_S4	NSW0279	Y	HBDecra
NSW0287	2021_Bothwell_novogene_S4	NSW0287	Y	HBDecra
NSW0288	2021_Bothwell_novogene_S4	NSW0288	Y	HBDecra
NSW0293	2021_Bothwell_novogene_S4	NSW0293	Y	HBDecra
NSW0294	2021_Bothwell_novogene_S4	NSW0294	Y	HBDecra
NSW0295	2021_Bothwell_novogene_S4	NSW0295	Y	HBDecra
NSW0296	2021_Bothwell_novogene_S4	NSW0296	Y	HBDecra
NSW0297	2021_Bothwell_novogene_S4	NSW0297	Y	HBDecra
NSW0303	2021_Bothwell_novogene_S4	NSW0303	Y	HBDecra
NSW0304	2021_Bothwell_novogene_S4	NSW0304	Y	HBDecra
NSW0305	2021_Bothwell_novogene_S4	NSW0305	Y	HBDecra
NSW0306	2021_Bothwell_novogene_S4	NSW0306	Y	HBDecra
NSW0311	2021_Bothwell_novogene_S4	NSW0311	Y	HBDecra
NSW0319	2021_Bothwell_novogene_S4	NSW0319	Y	HBDecra
NSW0322	2021_Bothwell_novogene_S4	NSW0322	Y	HBDecra
NSW0325	2021_Bothwell_novogene_S4	NSW0325	Y	HBDecra
NSW0334	2021_Bothwell_novogene_S4	NSW0334	Y	HBDecra
NSW0336	2021_Bothwell_novogene_S4	NSW0336	Y	HBDecra
NSW0342	2021_Bothwell_novogene_S4	NSW0342	Y	HBDecra
NSW0344	2021_Bothwell_novogene_S4	NSW0344	Y	HBDecra
NSW0346	2021_Bothwell_novogene_S4	NSW0346	Y	HBDecra
NSW0347	2021_Bothwell_novogene_S4	NSW0347	Y	HBDecra
NSW0349	2021_Bothwell_novogene_S4	NSW0349	Y	HBDecra
NSW0356	2021_Bothwell_novogene_S4	NSW0356	Y	HBDecra
NSW0357	2021_Bothwell_novogene_S4	NSW0357	Y	HBDecra
NSW0358	2021_Bothwell_novogene_S4	NSW0358	Y	HBDecra
NSW0359	2021_Bothwell_novogene_S4	NSW0359	Y	HBDecra
NSW0360	2021_Bothwell_novogene_S4	NSW0360	Y	HBDecra
NSW0361	2021_Bothwell_novogene_S4	NSW0361	Y	HBDecra
NSW0364	2021_Bothwell_novogene_S4	NSW0364	Y	HBDecra
NSW0365	2021_Bothwell_novogene_S4	NSW0365	Y	HBDecra
NSW0367	2021_Bothwell_novogene_S4	NSW0367	Y	HBDecra
NSW0369	2021_Bothwell_novogene_S4	NSW0369	Y	HBDecra
NSW0370	2021_Bothwell_novogene_S4	NSW0370	Y	HBDecra
NSW0374	2021_Bothwell_novogene_S4	NSW0374	Y	HBDecra
NSW0375	2021_Bothwell_novogene_S4	NSW0375	Y	HBDecra
NSW0376	2021_Bothwell_novogene_S4	NSW0376	Y	HBDecra
NSW0377	2021_Bothwell_novogene_S4	NSW0377	Y	HBDecra
NSW0378	2021_Bothwell_novogene_S4	NSW0378	Y	HBDecra
NSW0379	2021_Bothwell_novogene_S4	NSW0379	Y	HBDecra
NSW0380	2021_Bothwell_novogene_S4	NSW0380	Y	HBDecra
NSW0385	2021_Bothwell_novogene_S4	NSW0385	Y	HBDecra
NSW0392	2021_Bothwell_novogene_S4	NSW0392	Y	HBDecra
NSW0394	2021_Bothwell_novogene_S4	NSW0394	Y	HBDecra
NSW0399	2021_Bothwell_novogene_S4	NSW0399	Y	HBDecra
NSW0401	2021_Bothwell_novogene_S4	NSW0401	Y	HBDecra
NSW0402	2021_Bothwell_novogene_S4	NSW0402	Y	HBDecra
NSW0404	2021_Bothwell_novogene_S4	NSW0404	Y	HBDecra
NSW0421	2021_Bothwell_novogene_S4	NSW0421	Y	HBDecra
NSW0424	2021_Bothwell_novogene_S4	NSW0424	Y	HBDecra
NSW0431	2021_Bothwell_novogene_S4	NSW0431	Y	HBDecra
NSW0437	2021_Bothwell_novogene_S4	NSW0437	Y	HBDecra
NSW0438	2021_Bothwell_novogene_S4	NSW0438	Y	HBDecra
NSW0476	2021_Bothwell_novogene_S4	NSW0476	Y	HBDecra
NSW0480	2021_Bothwell_novogene_S4	NSW0480	Y	HBDecra
NSW0481	2021_Bothwell_novogene_S4	NSW0481	Y	HBDecra
NSW0482	2021_Bothwell_novogene_S4	NSW0482	Y	HBDecra
NSW0484	2021_Bothwell_novogene_S4	NSW0484	Y	HBDecra
NSW0486	2021_Bothwell_novogene_S4	NSW0486	Y	HBDecra
NSW0487	2021_Bothwell_novogene_S4	NSW0487	Y	HBDecra
NSW0489	2021_Bothwell_novogene_S4	NSW0489	Y	HBDecra
NSW0490	2021_Bothwell_novogene_S4	NSW0490	Y	HBDecra
NSW0492	2021_Bothwell_novogene_S4	NSW0492	Y	HBDecra
NSW0493	2021_Bothwell_novogene_S4	NSW0493	Y	HBDecra
NSW0494	2021_Bothwell_novogene_S4	NSW0494	Y	HBDecra
NSW0495	2021_Bothwell_novogene_S4	NSW0495	Y	HBDecra
NSW0496	2021_Bothwell_novogene_S4	NSW0496	Y	HBDecra
NSW0497	2021_Bothwell_novogene_S4	NSW0497	Y	HBDecra
NSW0498	2021_Bothwell_novogene_S4	NSW0498	Y	HBDecra
NSW0499	2021_Bothwell_novogene_S4	NSW0499	Y	HBDecra
NSW0500	2021_Bothwell_novogene_S4	NSW0500	Y	HBDecra
NSW0501	2021_Bothwell_novogene_S4	NSW0501	Y	HBDecra
NSW0502	2021_Bothwell_novogene_S4	NSW0502	Y	HBDecra
NSW0503	2021_Bothwell_novogene_S4	NSW0503	Y	HBDecra
NSW0504	2021_Bothwell_novogene_S4	NSW0504	Y	HBDecra
NSW0505	2021_Bothwell_novogene_S4	NSW0505	Y	HBDecra
NSW0506	2021_Bothwell_novogene_S4	NSW0506	Y	HBDecra
NSW0507	2021_Bothwell_novogene_S4	NSW0507	Y	HBDecra
NSW0508	2021_Bothwell_novogene_S4	NSW0508	Y	HBDecra
NSW0509	2021_Bothwell_novogene_S4	NSW0509	Y	HBDecra
NSW0510	2021_Bothwell_novogene_S4	NSW0510	Y	HBDecra
NSW0512	2021_Bothwell_novogene_S4	NSW0512	Y	HBDecra
NSW0513	2021_Bothwell_novogene_S4	NSW0513	Y	HBDecra
NSW0514	2021_Bothwell_novogene_S4	NSW0514	Y	HBDecra
NSW0515	2021_Bothwell_novogene_S4	NSW0515	Y	HBDecra
NSW0516	2021_Bothwell_novogene_S4	NSW0516	Y	HBDecra
NSW0517	2021_Bothwell_novogene_S4	NSW0517	Y	HBDecra
NSW0518	2021_Bothwell_novogene_S4	NSW0518	Y	HBDecra
NSW0519	2021_Bothwell_novogene_S4	NSW0519	Y	HBDecra
NSW0520	2021_Bothwell_novogene_S4	NSW0520	Y	HBDecra
NSW0521	2021_Bothwell_novogene_S4	NSW0521	Y	HBDecra
NSW0523	2021_Bothwell_novogene_S4	NSW0523	Y	HBDecra
NSW0524	2021_Bothwell_novogene_S4	NSW0524	Y	HBDecra
NSW0525	2021_Bothwell_novogene_S4	NSW0525	Y	HBDecra
NSW0526	2021_Bothwell_novogene_S4	NSW0526	Y	HBDecra
NSW0528	2021_Bothwell_novogene_S4	NSW0528	Y	HBDecra
NSW0530	2021_Bothwell_novogene_S4	NSW0530	Y	HBDecra
NSW0531	2021_Bothwell_novogene_S4	NSW0531	Y	HBDecra
NSW0532	2021_Bothwell_novogene_S4	NSW0532	Y	HBDecra
NSW0533	2021_Bothwell_novogene_S4	NSW0533	Y	HBDecra
NSW0538	2021_Bothwell_novogene_S4	NSW0538	Y	HBDecra
NSW0539	2021_Bothwell_novogene_S4	NSW0539	Y	HBDecra
NSW0540	2021_Bothwell_novogene_S4	NSW0540	Y	HBDecra
NSW0544	2021_Bothwell_novogene_S4	NSW0544	Y	HBDecra
NSW0549	2021_Bothwell_novogene_S4	NSW0549	Y	HBDecra
NSW0550	2021_Bothwell_novogene_S4	NSW0550	Y	HBDecra
NSW0551	2021_Bothwell_novogene_S4	NSW0551	Y	HBDecra
NSW0552	2021_Bothwell_novogene_S4	NSW0552	Y	HBDecra
NSW0554	2021_Bothwell_novogene_S4	NSW0554	Y	HBDecra
NSW0555	2021_Bothwell_novogene_S4	NSW0555	Y	HBDecra
NSW0557	2021_Bothwell_novogene_S4	NSW0557	Y	HBDecra
NSW0558	2021_Bothwell_novogene_S4	NSW0558	Y	HBDecra
NSW0559	2021_Bothwell_novogene_S4	NSW0559	Y	HBDecra
NSW0571	2021_Bothwell_novogene_S4	NSW0571	Y	HBDecra
NSW0574_1	2021_Bothwell_novogene_S4	NSW0574_1	Y	HBDecra
NSW0574_2	2021_Bothwell_novogene_S4	NSW0574_2	Y	HBDecra
NSW0574_1	2021_Bothwell_novogene_S4	NSW0574	Y	HBDecra
NSW0574_2	2021_Bothwell_novogene_S4	NSW0574	Y	HBDecra
NSW0575	2021_Bothwell_novogene_S4	NSW0575	Y	HBDecra
NSW0577	2021_Bothwell_novogene_S4	NSW0577	Y	HBDecra
NSW0578	2021_Bothwell_novogene_S4	NSW0578	Y	HBDecra
NSW0581	2021_Bothwell_novogene_S4	NSW0581	Y	HBDecra
NSW0582	2021_Bothwell_novogene_S4	NSW0582	Y	HBDecra
NSW0585	2021_Bothwell_novogene_S4	NSW0585	Y	HBDecra
NSW0586	2021_Bothwell_novogene_S4	NSW0586	Y	HBDecra
NSW0588	2021_Bothwell_novogene_S4	NSW0588	Y	HBDecra
NSW0590	2021_Bothwell_novogene_S4	NSW0590	Y	HBDecra
NSW0595	2021_Bothwell_novogene_S4	NSW0595	Y	HBDecra
NSW0597	2021_Bothwell_novogene_S4	NSW0597	Y	HBDecra
NSW0599	2021_Bothwell_novogene_S4	NSW0599	Y	HBDecra
NSW0602	2021_Bothwell_novogene_S4	NSW0602	Y	HBDecra
NSW0603	2021_Bothwell_novogene_S4	NSW0603	Y	HBDecra
NSW0612	2021_Bothwell_novogene_S4	NSW0612	Y	HBDecra
NSW0615	2021_Bothwell_novogene_S4	NSW0615	Y	HBDecra
NSW0619	2021_Bothwell_novogene_S4	NSW0619	Y	HBDecra
NSW0625	2021_Bothwell_novogene_S4	NSW0625	Y	HBDecra
NSW0628_1	2021_Bothwell_novogene_S4	NSW0628_1	Y	HBDecra
NSW0628_2	2021_Bothwell_novogene_S4	NSW0628_2	Y	HBDecra
NSW0628_1	2021_Bothwell_novogene_S4	NSW0628	Y	HBDecra
NSW0628_2	2021_Bothwell_novogene_S4	NSW0628	Y	HBDecra
NSW0632	2021_Bothwell_novogene_S4	NSW0632	Y	HBDecra
NSW0634	2021_Bothwell_novogene_S4	NSW0634	Y	HBDecra
NSW0635	2021_Bothwell_novogene_S4	NSW0635	Y	HBDecra
NSW0636	2021_Bothwell_novogene_S4	NSW0636	Y	HBDecra
NSW0638	2021_Bothwell_novogene_S4	NSW0638	Y	HBDecra
NSW0640	2021_Bothwell_novogene_S4	NSW0640	Y	HBDecra
NSW0641	2021_Bothwell_novogene_S4	NSW0641	Y	HBDecra
NSW0643	2021_Bothwell_novogene_S4	NSW0643	Y	HBDecra
NSW0645	2021_Bothwell_novogene_S4	NSW0645	Y	HBDecra
NSW0646	2021_Bothwell_novogene_S4	NSW0646	Y	HBDecra
NSW0647	2021_Bothwell_novogene_S4	NSW0647	Y	HBDecra
NSW0648	2021_Bothwell_novogene_S4	NSW0648	Y	HBDecra
NSW0650	2021_Bothwell_novogene_S4	NSW0650	Y	HBDecra
NSW0655	2021_Bothwell_novogene_S4	NSW0655	Y	HBDecra
NSW0658	2021_Bothwell_novogene_S4	NSW0658	Y	HBDecra
NSW0659	2021_Bothwell_novogene_S4	NSW0659	Y	HBDecra
NSW0661	2021_Bothwell_novogene_S4	NSW0661	Y	HBDecra
NSW0669	2021_Bothwell_novogene_S4	NSW0669	Y	HBDecra
NSW0670	2021_Bothwell_novogene_S4	NSW0670	Y	HBDecra
NSW0673	2021_Bothwell_novogene_S4	NSW0673	Y	HBDecra
NSW0675	2021_Bothwell_novogene_S4	NSW0675	Y	HBDecra
NSW0677	2021_Bothwell_novogene_S4	NSW0677	Y	HBDecra
NSW0678	2021_Bothwell_novogene_S4	NSW0678	Y	HBDecra
NSW0681	2021_Bothwell_novogene_S4	NSW0681	Y	HBDecra
NSW0682	2021_Bothwell_novogene_S4	NSW0682	Y	HBDecra
NSW0685	2021_Bothwell_novogene_S4	NSW0685	Y	HBDecra
NSW0687	2021_Bothwell_novogene_S4	NSW0687	Y	HBDecra
NSW0689	2021_Bothwell_novogene_S4	NSW0689	Y	HBDecra
NSW0690	2021_Bothwell_novogene_S4	NSW0690	Y	HBDecra
NSW0696	2021_Bothwell_novogene_S4	NSW0696	Y	HBDecra
NSW0693	2021_Bothwell_novogene_S4	NSW0693	Y	HBDecra
NSW0698	2021_Bothwell_novogene_S4	NSW0698	Y	HBDecra
NSW0701	2021_Bothwell_novogene_S4	NSW0701	Y	HBDecra
NSW0700	2021_Bothwell_novogene_S4	NSW0700	Y	HBDecra
NSW0703	2021_Bothwell_novogene_S4	NSW0703	Y	HBDecra
NSW0704	2021_Bothwell_novogene_S4	NSW0704	Y	HBDecra
NSW0713	2021_Bothwell_novogene_S4	NSW0713	Y	HBDecra
NSW0706_1	2021_Bothwell_novogene_S4	NSW0706_1	Y	HBDecra
NSW0706_2	2021_Bothwell_novogene_S4	NSW0706_2	Y	HBDecra
NSW0706_1	2021_Bothwell_novogene_S4	NSW0706	Y	HBDecra
NSW0706_2	2021_Bothwell_novogene_S4	NSW0706	Y	HBDecra
NSW0725	2021_Bothwell_novogene_S4	NSW0725	Y	HBDecra
NSW0729	2021_Bothwell_novogene_S4	NSW0729	Y	HBDecra
NSW0734	2021_Bothwell_novogene_S4	NSW0734	Y	HBDecra
NSW0740	2021_Bothwell_novogene_S4	NSW0740	Y	HBDecra
NSW0731	2021_Bothwell_novogene_S4	NSW0731	Y	HBDecra
NSW0735	2021_Bothwell_novogene_S4	NSW0735	Y	HBDecra
NSW0741	2021_Bothwell_novogene_S4	NSW0741	Y	HBDecra
NSW0747	2021_Bothwell_novogene_S4	NSW0747	Y	HBDecra
NSW0749	2021_Bothwell_novogene_S4	NSW0749	Y	HBDecra
LBM01A02	BGI_LB1	LBM01A02	Y	LBEmel
LBM01A03	BGI_LB1	LBM01A03	Y	LBEmel
LBM01A09	BGI_LB1	LBM01A09	Y	LBEmel
LBM01A12	BGI_LB1	LBM01A12	Y	LBEmel
LBM01B01	BGI_LB1	LBM01B01	Y	LBEmel
LBM01B02	BGI_LB1	LBM01B02	Y	LBEmel
LBM01B03	BGI_LB1	LBM01B03	Y	LBEmel
LBM01B05	BGI_LB1	LBM01B05	Y	LBEmel
LBM01B06	BGI_LB1	LBM01B06	Y	LBEmel
LBM01B07	BGI_LB1	LBM01B07	Y	LBEmel
LBM01B08	BGI_LB1	LBM01B08	Y	LBEmel
LBM01B09	BGI_LB1	LBM01B09	Y	LBEmel
LBM01B10	BGI_LB1	LBM01B10	Y	LBEmel
LBM01B12	BGI_LB1	LBM01B12	Y	LBEmel
LBM01C01	BGI_LB1	LBM01C01	Y	LBEmel
LBM01C02	BGI_LB1	LBM01C02	Y	LBEmel
LBM01C03	BGI_LB1	LBM01C03	Y	LBEmel
LBM01C04	BGI_LB1	LBM01C04	Y	LBEmel
LBM01C05	BGI_LB1	LBM01C05	Y	LBEmel
LBM01C06	BGI_LB1	LBM01C06	Y	LBEmel
LBM01C08	BGI_LB1	LBM01C08	Y	LBEmel
LBM01C09	BGI_LB1	LBM01C09	Y	LBEmel
LBM01C10	BGI_LB1	LBM01C10	Y	LBEmel
LBM01C12	BGI_LB1	LBM01C12	Y	LBEmel
LBM01D01	BGI_LB1	LBM01D01	Y	LBEmel
LBM01D03	BGI_LB1	LBM01D03	Y	LBEmel
LBM01D05	BGI_LB1	LBM01D05	Y	LBEmel
LBM01D06	BGI_LB1	LBM01D06	Y	LBEmel
LBM01D09	BGI_LB1	LBM01D09	Y	LBEmel
LBM01D10	BGI_LB1	LBM01D10	Y	LBEmel
LBM01D11	BGI_LB1	LBM01D11	Y	LBEmel
LBM01D12	BGI_LB1	LBM01D12	Y	LBEmel
LBM01F01	BGI_LB1	LBM01F01	Y	LBEmel
LBM01F02	BGI_LB1	LBM01F02	Y	LBEmel
LBM01F03	BGI_LB1	LBM01F03	Y	LBEmel
LBM01F05	BGI_LB1	LBM01F05	Y	LBEmel
LBM01F06	BGI_LB1	LBM01F06	Y	LBEmel
LBM01F07	BGI_LB1	LBM01F07	Y	LBEmel
LBM01F09	BGI_LB1	LBM01F09	Y	LBEmel
LBM01F10	BGI_LB1	LBM01F10	Y	LBEmel
LBM01F12	BGI_LB1	LBM01F12	Y	LBEmel
LBM01G01	BGI_LB1	LBM01G01	Y	LBEmel
LBM01G02	BGI_LB1	LBM01G02	Y	LBEmel
LBM01G03	BGI_LB1	LBM01G03	Y	LBEmel
LBM01G05	BGI_LB1	LBM01G05	Y	LBEmel
LBM01G06	BGI_LB1	LBM01G06	Y	LBEmel
LBM01G07	BGI_LB1	LBM01G07	Y	LBEmel
LBM01G08	BGI_LB1	LBM01G08	Y	LBEmel
LBM01G09	BGI_LB1	LBM01G09	Y	LBEmel
LBM01G11	BGI_LB1	LBM01G11	Y	LBEmel
LBM01H05	BGI_LB1	LBM01H05	Y	LBEmel
LBM01H06	BGI_LB1	LBM01H06	Y	LBEmel
LBM01H07	BGI_LB1	LBM01H07	Y	LBEmel
LBM01H08	BGI_LB1	LBM01H08	Y	LBEmel
LBM01H09	BGI_LB1	LBM01H09	Y	LBEmel
LBM01H10	BGI_LB1	LBM01H10	Y	LBEmel
LBM01H11	BGI_LB1	LBM01H11	Y	LBEmel
LBM01H12	BGI_LB1	LBM01H12	Y	LBEmel
LBM02A01	BGI_LB1	LBM02A01	Y	LBEmel
LBM02A03	BGI_LB1	LBM02A03	Y	LBEmel
LBM02A04	BGI_LB1	LBM02A04	Y	LBEmel
LBM02A08	BGI_LB1	LBM02A08	Y	LBEmel
LBM02A10	BGI_LB1	LBM02A10	Y	LBEmel
LBM02B01	BGI_LB1	LBM02B01	Y	LBEmel
LBM02B02	BGI_LB1	LBM02B02	Y	LBEmel
LBM02B03	BGI_LB1	LBM02B03	Y	LBEmel
LBM02B04	BGI_LB1	LBM02B04	Y	LBEmel
LBM02B05	BGI_LB1	LBM02B05	Y	LBEmel
LBM02B06	BGI_LB1	LBM02B06	Y	LBEmel
LBM02B07	BGI_LB1	LBM02B07	Y	LBEmel
LBM02B08	BGI_LB1	LBM02B08	Y	LBEmel
LBM02B09	BGI_LB1	LBM02B09	Y	LBEmel
LBM02B11	BGI_LB1	LBM02B11	Y	LBEmel
LBM02B12	BGI_LB1	LBM02B12	Y	LBEmel
LBM02C01	BGI_LB1	LBM02C01	Y	LBEmel
LBM02C02	BGI_LB1	LBM02C02	Y	LBEmel
LBM02C03	BGI_LB1	LBM02C03	Y	LBEmel
LBM02C04	BGI_LB1	LBM02C04	Y	LBEmel
LBM02C05	BGI_LB1	LBM02C05	Y	LBEmel
LBM02C06	BGI_LB1	LBM02C06	Y	LBEmel
LBM02C07	BGI_LB1	LBM02C07	Y	LBEmel
LBM02C08	BGI_LB1	LBM02C08	Y	LBEmel
LBM02C09	BGI_LB1	LBM02C09	Y	LBEmel
LBM02C10	BGI_LB1	LBM02C10	Y	LBEmel
LBM02C11	BGI_LB1	LBM02C11	Y	LBEmel
LBM02C12	BGI_LB1	LBM02C12	Y	LBEmel
LBM02D01	BGI_LB1	LBM02D01	Y	LBEmel
LBM02D02	BGI_LB1	LBM02D02	Y	LBEmel
LBM02D03	BGI_LB1	LBM02D03	Y	LBEmel
LBM02D04	BGI_LB1	LBM02D04	Y	LBEmel
LBM02D05	BGI_LB1	LBM02D05	Y	LBEmel
LBM02D07	BGI_LB1	LBM02D07	Y	LBEmel
LBM02D08	BGI_LB1	LBM02D08	Y	LBEmel
LBM02D09	BGI_LB1	LBM02D09	Y	LBEmel
LBM02D10	BGI_LB1	LBM02D10	Y	LBEmel
LBM02D11	BGI_LB1	LBM02D11	Y	LBEmel
LBM02D12	BGI_LB1	LBM02D12	Y	LBEmel
LBM02F01	BGI_LB1	LBM02F01	Y	LBEmel
LBM02F02	BGI_LB1	LBM02F02	Y	LBEmel
LBM02F03	BGI_LB1	LBM02F03	Y	LBEmel
LBM02F04	BGI_LB1	LBM02F04	Y	LBEmel
LBM02F06	BGI_LB1	LBM02F06	Y	LBEmel
LBM02F07	BGI_LB1	LBM02F07	Y	LBEmel
LBM02F08	BGI_LB1	LBM02F08	Y	LBEmel
LBM02F09	BGI_LB1	LBM02F09	Y	LBEmel
LBM02F10	BGI_LB1	LBM02F10	Y	LBEmel
LBM02F11	BGI_LB1	LBM02F11	Y	LBEmel
LBM02G01	BGI_LB1	LBM02G01	Y	LBEmel
LBM02G02	BGI_LB1	LBM02G02	Y	LBEmel
LBM02G03	BGI_LB1	LBM02G03	Y	LBEmel
LBM02G04	BGI_LB1	LBM02G04	Y	LBEmel
LBM02G05	BGI_LB1	LBM02G05	Y	LBEmel
LBM02G06	BGI_LB1	LBM02G06	Y	LBEmel
LBM02G07	BGI_LB1	LBM02G07	Y	LBEmel
LBM02G08	BGI_LB1	LBM02G08	Y	LBEmel
LBM02G09	BGI_LB1	LBM02G09	Y	LBEmel
LBM02G10	BGI_LB1	LBM02G10	Y	LBEmel
LBM02G11	BGI_LB1	LBM02G11	Y	LBEmel
LBM02G12	BGI_LB1	LBM02G12	Y	LBEmel
LBM02H02	BGI_LB1	LBM02H02	Y	LBEmel
LBM02H03	BGI_LB1	LBM02H03	Y	LBEmel
LBM02H04	BGI_LB1	LBM02H04	Y	LBEmel
LBM02H05	BGI_LB1	LBM02H05	Y	LBEmel
LBM02H08	BGI_LB1	LBM02H08	Y	LBEmel
LBM02H09	BGI_LB1	LBM02H09	Y	LBEmel
LBM02H10	BGI_LB1	LBM02H10	Y	LBEmel
LBM02H11	BGI_LB1	LBM02H11	Y	LBEmel
LBM03A02	BGI_LB1	LBM03A02	Y	LBEmel
LBM03A11	BGI_LB1	LBM03A11	Y	LBEmel
LBM03B02	BGI_LB1	LBM03B02	Y	LBEmel
LBM03B04	BGI_LB1	LBM03B04	Y	LBEmel
LBM03B05	BGI_LB1	LBM03B05	Y	LBEmel
LBM03B07	BGI_LB1	LBM03B07	Y	LBEmel
LBM03B09	BGI_LB1	LBM03B09	Y	LBEmel
LBM03B10	BGI_LB1	LBM03B10	Y	LBEmel
LBM03B11	BGI_LB1	LBM03B11	Y	LBEmel
LBM03C02	BGI_LB1	LBM03C02	Y	LBEmel
LBM03C03	BGI_LB1	LBM03C03	Y	LBEmel
LBM03C04	BGI_LB1	LBM03C04	Y	LBEmel
LBM03C05	BGI_LB1	LBM03C05	Y	LBEmel
LBM03C07	BGI_LB1	LBM03C07	Y	LBEmel
LBM03C09	BGI_LB1	LBM03C09	Y	LBEmel
LBM03C10	BGI_LB1	LBM03C10	Y	LBEmel
LBM03C11	BGI_LB1	LBM03C11	Y	LBEmel
LBM03D01	BGI_LB1	LBM03D01	Y	LBEmel
LBM03D02	BGI_LB1	LBM03D02	Y	LBEmel
LBM03D03	BGI_LB1	LBM03D03	Y	LBEmel
LBM03D04	BGI_LB1	LBM03D04	Y	LBEmel
LBM03D05	BGI_LB1	LBM03D05	Y	LBEmel
LBM03D06	BGI_LB1	LBM03D06	Y	LBEmel
LBM03D07	BGI_LB1	LBM03D07	Y	LBEmel
LBM03D08	BGI_LB1	LBM03D08	Y	LBEmel
LBM03D09	BGI_LB1	LBM03D09	Y	LBEmel
LBM03D10	BGI_LB1	LBM03D10	Y	LBEmel
LBM03D11	BGI_LB1	LBM03D11	Y	LBEmel
LBM03F01	BGI_LB1	LBM03F01	Y	LBEmel
LBM03F04	BGI_LB1	LBM03F04	Y	LBEmel
LBM03F05	BGI_LB1	LBM03F05	Y	LBEmel
LBM03F06	BGI_LB1	LBM03F06	Y	LBEmel
LBM03F07	BGI_LB1	LBM03F07	Y	LBEmel
LBM03F08	BGI_LB1	LBM03F08	Y	LBEmel
LBM03F09	BGI_LB1	LBM03F09	Y	LBEmel
LBM03F10	BGI_LB1	LBM03F10	Y	LBEmel
LBM03F11	BGI_LB1	LBM03F11	Y	LBEmel
LBM03G02	BGI_LB1	LBM03G02	Y	LBEmel
LBM03G05	BGI_LB1	LBM03G05	Y	LBEmel
LBM03G06	BGI_LB1	LBM03G06	Y	LBEmel
LBM03G07	BGI_LB1	LBM03G07	Y	LBEmel
LBM03G08	BGI_LB1	LBM03G08	Y	LBEmel
LBM03G09	BGI_LB1	LBM03G09	Y	LBEmel
LBM03G10	BGI_LB1	LBM03G10	Y	LBEmel
LBM03G11	BGI_LB1	LBM03G11	Y	LBEmel
LBM03H06	BGI_LB1	LBM03H06	Y	LBEmel
LBM04A01	BGI_LB1	LBM04A01	Y	LBEmel
LBM04A02	BGI_LB1	LBM04A02	Y	LBEmel
LBM04A03	BGI_LB1	LBM04A03	Y	LBEmel
LBM04A05	BGI_LB1	LBM04A05	Y	LBEmel
LBM04B01	BGI_LB1	LBM04B01	Y	LBEmel
LBM04B02	BGI_LB1	LBM04B02	Y	LBEmel
LBM04B04	BGI_LB1	LBM04B04	Y	LBEmel
LBM04B06	BGI_LB1	LBM04B06	Y	LBEmel
LBM04B08	BGI_LB1	LBM04B08	Y	LBEmel
LBM04C02	BGI_LB1	LBM04C02	Y	LBEmel
LBM04C03	BGI_LB1	LBM04C03	Y	LBEmel
LBM04C04	BGI_LB1	LBM04C04	Y	LBEmel
LBM04C05	BGI_LB1	LBM04C05	Y	LBEmel
LBM04C06	BGI_LB1	LBM04C06	Y	LBEmel
LBM04D01	BGI_LB1	LBM04D01	Y	LBEmel
LBM04D02	BGI_LB1	LBM04D02	Y	LBEmel
LBM04D05	BGI_LB1	LBM04D05	Y	LBEmel
LBM04D06	BGI_LB1	LBM04D06	Y	LBEmel
LBM04D08	BGI_LB1	LBM04D08	Y	LBEmel
LBM04F01	BGI_LB1	LBM04F01	Y	LBEmel
LBM04F02	BGI_LB1	LBM04F02	Y	LBEmel
LBM04F03	BGI_LB1	LBM04F03	Y	LBEmel
LBM04F04	BGI_LB1	LBM04F04	Y	LBEmel
LBM04F05	BGI_LB1	LBM04F05	Y	LBEmel
LBM04F06	BGI_LB1	LBM04F06	Y	LBEmel
LBM04G01	BGI_LB1	LBM04G01	Y	LBEmel
LBM04G02	BGI_LB1	LBM04G02	Y	LBEmel
LBM04G03	BGI_LB1	LBM04G03	Y	LBEmel
LBM04G04	BGI_LB1	LBM04G04	Y	LBEmel
LBM04G05	BGI_LB1	LBM04G05	Y	LBEmel
LBM04G06	BGI_LB1	LBM04G06	Y	LBEmel
LBM04G08	BGI_LB1	LBM04G08	Y	LBEmel
LBM04H01	BGI_LB1	LBM04H01	Y	LBEmel
LBM01E01	BGI_LB1	LBM01E01	Y	LBEmel
LBM02E01	BGI_LB1	LBM02E01	Y	LBEmel
LBM03E01	BGI_LB1	LBM03E01	Y	LBEmel
LBM04E01	BGI_LB1	LBM04E01	Y	LBEmel
LBM01E02	BGI_LB1	LBM01E02	Y	LBEmel
LBM02E02	BGI_LB1	LBM02E02	Y	LBEmel
LBM03E02	BGI_LB1	LBM03E02	Y	LBEmel
LBM04E02	BGI_LB1	LBM04E02	Y	LBEmel
LBM01E03	BGI_LB1	LBM01E03	Y	LBEmel
LBM02E03	BGI_LB1	LBM02E03	Y	LBEmel
LBM04E03	BGI_LB1	LBM04E03	Y	LBEmel
LBM01E04	BGI_LB1	LBM01E04	Y	LBEmel
LBM02E04	BGI_LB1	LBM02E04	Y	LBEmel
LBM03E04	BGI_LB1	LBM03E04	Y	LBEmel
LBM04E04	BGI_LB1	LBM04E04	Y	LBEmel
LBM02E05	BGI_LB1	LBM02E05	Y	LBEmel
LBM04E05	BGI_LB1	LBM04E05	Y	LBEmel
LBM01E06	BGI_LB1	LBM01E06	Y	LBEmel
LBM02E06	BGI_LB1	LBM02E06	Y	LBEmel
LBM03E06	BGI_LB1	LBM03E06	Y	LBEmel
LBM04E06	BGI_LB1	LBM04E06	Y	LBEmel
LBM02E07	BGI_LB1	LBM02E07	Y	LBEmel
LBM03E07	BGI_LB1	LBM03E07	Y	LBEmel
LBM01E08	BGI_LB1	LBM01E08	Y	LBEmel
LBM03E08	BGI_LB1	LBM03E08	Y	LBEmel
LBM04E08	BGI_LB1	LBM04E08	Y	LBEmel
LBM01E09	BGI_LB1	LBM01E09	Y	LBEmel
LBM02E09	BGI_LB1	LBM02E09	Y	LBEmel
LBM03E09	BGI_LB1	LBM03E09	Y	LBEmel
LBM02E10	BGI_LB1	LBM02E10	Y	LBEmel
LBM03E10	BGI_LB1	LBM03E10	Y	LBEmel
LBM02E11	BGI_LB1	LBM02E11	Y	LBEmel
LBM03E11	BGI_LB1	LBM03E11	Y	LBEmel
LBM04E11	BGI_LB1	LBM04E11	Y	LBEmel
LBM01E12	BGI_LB1	LBM01E12	Y	LBEmel
LBM02E12	BGI_LB1	LBM02E12	Y	LBEmel
LBM03E12	BGI_LB1	LBM03E12	Y	LBEmel
CCA0003	CCA01-02	CCA0003	Y	CCA
CCA0016	CCA01-02	CCA0016	Y	CCA
CCA0037	CCA01-02	CCA0037	Y	CCA
CCA0038	CCA01-02	CCA0038	Y	CCA
CCA0124	CCA01-02	CCA0124	Y	CCA
CCA0137	CCA01-02	CCA0137	Y	CCA
CCA0164	CCA01-02	CCA0164	Y	CCA
CCA0175	CCA01-02	CCA0175	Y	CCA
CCA0218	CCA01-02	CCA0218	Y	CCA
CCA0248	CCA01-02	CCA0248	Y	CCA
CCA0266	CCA01-02	CCA0266	Y	CCA
CCA0278	CCA01-02	CCA0278	Y	CCA
CCA0375	CCA01-02	CCA0375	Y	CCA
CCA0390	CCA01-02	CCA0390	Y	CCA
CCA0405	CCA01-02	CCA0405	Y	CCA
CCA0431	CCA01-02	CCA0431	Y	CCA
CCA0455	CCA01-02	CCA0455	Y	CCA
CCA0465	CCA01-02	CCA0465	Y	CCA
CCA0466	CCA01-02	CCA0466	Y	CCA
CCA0525	CCA01-02	CCA0525	Y	CCA
CCA0572	CCA01-02	CCA0572	Y	CCA
CCA0575	CCA01-02	CCA0575	Y	CCA
CCA0615	CCA01-02	CCA0615	Y	CCA
CCA0650	CCA01-02	CCA0650	Y	CCA
CCA0671	CCA01-02	CCA0671	Y	CCA
CCA0672	CCA01-02	CCA0672	Y	CCA
CCA0677	CCA01-02	CCA0677	Y	CCA
CCA0681	CCA01-02	CCA0681	Y	CCA
CCA0684	CCA01-02	CCA0684	Y	CCA
CCA0687	CCA01-02	CCA0687	Y	CCA
CCA0691	CCA01-02	CCA0691	Y	CCA
CCA0695	CCA01-02	CCA0695	Y	CCA
CCA0700	CCA01-02	CCA0700	Y	CCA
CCA0704	CCA01-02	CCA0704	Y	CCA
CCA0704rep	CCA01-02	CCA0704	Y	CCA
CCA0704	CCA01-02	CCA0704-rep1	Y	CCA
CCA0704rep	CCA01-02	CCA0704-rep2	Y	CCA
CCA0705	CCA01-02	CCA0705	Y	CCA
CCA0706	CCA01-02	CCA0706	Y	CCA
CCA0708	CCA01-02	CCA0708	Y	CCA
CCA0716	CCA01-02	CCA0716	N	CCA
CCA0724	CCA01-02	CCA0724	Y	CCA
CCA0728	CCA01-02	CCA0728	Y	CCA
CCA0733	CCA01-02	CCA0733	Y	CCA
CCA0736	CCA01-02	CCA0736	Y	CCA
CCA0743	CCA01-02	CCA0743	Y	CCA
CCA0744	CCA01-02	CCA0744	Y	CCA
CCA0751	CCA01-02	CCA0751	Y	CCA
CCA0754	CCA01-02	CCA0754	N	CCA
CCA0755	CCA01-02	CCA0755	Y	CCA
CCA0758	CCA01-02	CCA0758	Y	CCA
CCA0761	CCA01-02	CCA0761	Y	CCA
CCA0768	CCA01-02	CCA0768	Y	CCA
CCA0773	CCA01-02	CCA0773	Y	CCA
CCA0790	CCA01-02	CCA0790	Y	CCA
CCA0800	CCA01-02	CCA0800	Y	CCA
CCA0807	CCA01-02	CCA0807	Y	CCA
CCA0808	CCA01-02	CCA0808	Y	CCA
CCA0813	CCA01-02	CCA0813	Y	CCA
CCA0819	CCA01-02	CCA0819	Y	CCA
CCA0831	CCA01-02	CCA0831	Y	CCA
CCA0837	CCA01-02	CCA0837	Y	CCA
CCA0848	CCA01-02	CCA0848	Y	CCA
CCA0866	CCA01-02	CCA0866	Y	CCA
CCA0904	CCA01-02	CCA0904	Y	CCA
CCA0920	CCA01-02	CCA0920	Y	CCA
CCA0931	CCA01-02	CCA0931	Y	CCA
CCA0933	CCA01-02	CCA0933	Y	CCA
CCA0937	CCA01-02	CCA0937	Y	CCA
CCA0941	CCA01-02	CCA0941	Y	CCA
CCA0951	CCA01-02	CCA0951	Y	CCA
CCA0964	CCA01-02	CCA0964	Y	CCA
CCA0965	CCA01-02	CCA0965	Y	CCA
CCA0971	CCA01-02	CCA0971	Y	CCA
CCA1037	CCA01-02	CCA1037	Y	CCA
CCA1085	CCA01-02	CCA1085	Y	CCA
CCA1111	CCA01-02	CCA1111	Y	CCA
CCA1122	CCA01-02	CCA1122	Y	CCA
CCA1135	CCA01-02	CCA1135	Y	CCA
CCA1192	CCA01-02	CCA1192	Y	CCA
CCA1212	CCA01-02	CCA1212	Y	CCA
CCA1256	CCA01-02	CCA1256	Y	CCA
CCA1266	CCA01-02	CCA1266	Y	CCA
CCA1297	CCA01-02	CCA1297	Y	CCA
CCA1300	CCA01-02	CCA1300	Y	CCA
CCA1302	CCA01-02	CCA1302	Y	CCA
CCA1366	CCA01-02	CCA1366	Y	CCA
CCA1370	CCA01-02	CCA1370	Y	CCA
CCA1377	CCA01-02	CCA1377	Y	CCA
CCA1413	CCA01-02	CCA1413	Y	CCA
CCA1439	CCA01-02	CCA1439	Y	CCA
CCA1474	CCA01-02	CCA1474	Y	CCA
CCA1478	CCA01-02	CCA1478	Y	CCA
CCA1504	CCA01-02	CCA1504	Y	CCA
CCA1505	CCA01-02	CCA1505	Y	CCA
CCA1506	CCA01-02	CCA1506	Y	CCA
CCA1507	CCA01-02	CCA1507	Y	CCA
CCA1543	CCA01-02	CCA1543	Y	CCA
CCA1564	CCA01-02	CCA1564	Y	CCA
CCA1594	CCA01-02	CCA1594	Y	CCA
CCA1644	CCA01-02	CCA1644	Y	CCA
CCA1650	CCA01-02	CCA1650	Y	CCA
CCA1654	CCA01-02	CCA1654	Y	CCA
CCA1655	CCA01-02	CCA1655	Y	CCA
CCA1657	CCA01-02	CCA1657	Y	CCA
CCA1660	CCA01-02	CCA1660	Y	CCA
CCA1680	CCA01-02	CCA1680	Y	CCA
CCA2812	CCA01-02	CCA2812	Y	CCA
CCA2829	CCA01-02	CCA2829	Y	CCA
CCA2857	CCA01-02	CCA2857	Y	CCA
CCA2909	CCA01-02	CCA2909	Y	CCA
CCA2917	CCA01-02	CCA2917	Y	CCA
CCA3005	CCA01-02	CCA3005	Y	CCA
CCA3011	CCA01-02	CCA3011	Y	CCA
CCA3012	CCA01-02	CCA3012	Y	CCA
CCA3035	CCA01-02	CCA3035	Y	CCA
CCA3041	CCA01-02	CCA3041	Y	CCA
CCA3051	CCA01-02	CCA3051	Y	CCA
CCA3062	CCA01-02	CCA3062	Y	CCA
CCA3092	CCA01-02	CCA3092	Y	CCA
CCA3107	CCA01-02	CCA3107	Y	CCA
CCA3130	CCA01-02	CCA3130	Y	CCA
CCA3147	CCA01-02	CCA3147	Y	CCA
CCA3176	CCA01-02	CCA3176	Y	CCA
CCA3216	CCA01-02	CCA3216	Y	CCA
CCA3217	CCA01-02	CCA3217	Y	CCA
CCA3247	CCA01-02	CCA3247	Y	CCA
CCA3248	CCA01-02	CCA3248	Y	CCA
CCA3250	CCA01-02	CCA3250	Y	CCA
CCA3261	CCA01-02	CCA3261	Y	CCA
CCA3263	CCA01-02	CCA3263	Y	CCA
CCA3271	CCA01-02	CCA3271	Y	CCA
CCA3322	CCA01-02	CCA3322	Y	CCA
CCA3451	CCA01-02	CCA3451	Y	CCA
CCA3464	CCA01-02	CCA3464	Y	CCA
CCA3471	CCA01-02	CCA3471	Y	CCA
CCA3651	CCA01-02	CCA3651	Y	CCA
CCA3711	CCA01-02	CCA3711	Y	CCA
CCA3821	CCA01-02	CCA3821	Y	CCA
CCA3837	CCA01-02	CCA3837	Y	CCA
CCA3841	CCA01-02	CCA3841	Y	CCA
CCA3887	CCA01-02	CCA3887	Y	CCA
CCA3893	CCA01-02	CCA3893	Y	CCA
CCA3899	CCA01-02	CCA3899	Y	CCA
CCA3916	CCA01-02	CCA3916	Y	CCA
CCA3997	CCA01-02	CCA3997	Y	CCA
CCA4557	CCA01-02	CCA4557	Y	CCA
CCA4706	CCA01-02	CCA4706	Y	CCA
CCA4770	CCA01-02	CCA4770	Y	CCA
CCA4776	CCA01-02	CCA4776	Y	CCA
CCA4821	CCA01-02	CCA4821	Y	CCA
CCA4877	CCA01-02	CCA4877	Y	CCA
CCA4913	CCA01-02	CCA4913	Y	CCA
CCA4939	CCA01-02	CCA4939	Y	CCA
CCA4957	CCA01-02	CCA4957	Y	CCA
CCA4957rep2	CCA01-02	CCA4957	Y	CCA
CCA4957	CCA01-02	CCA4957-rep1	Y	CCA
CCA4957rep2	CCA01-02	CCA4957-rep2	Y	CCA
CCA4960	CCA01-02	CCA4960	Y	CCA
CCA5060	CCA01-02	CCA5060	Y	CCA
CCA5180	CCA01-02	CCA5180	Y	CCA
CCA5319	CCA01-02	CCA5319	Y	CCA
CCA5408	CCA01-02	CCA5408	Y	CCA
CCA5430	CCA01-02	CCA5430	Y	CCA
CCA5558	CCA01-02	CCA5558	Y	CCA
CCA5568	CCA01-02	CCA5568	Y	CCA
CCA5597	CCA01-02	CCA5597	Y	CCA
CCA5615	CCA01-02	CCA5615	Y	CCA
CCA5616	CCA01-02	CCA5616	Y	CCA
CCA5918	CCA01-02	CCA5918	Y	CCA
CCA5922	CCA01-02	CCA5922	Y	CCA
CCA5926	CCA01-02	CCA5926	Y	CCA
CCA5946	CCA01-02	CCA5946	Y	CCA
CCA5976	CCA01-02	CCA5976	Y	CCA
CCA6033	CCA01-02	CCA6033	Y	CCA
CCA6041	CCA01-02	CCA6041	Y	CCA
CCA6869	CCA01-02	CCA6869	Y	CCA
CCA6870	CCA01-02	CCA6870	Y	CCA
CCA6871	CCA01-02	CCA6871	Y	CCA
EmelCSIRO-rep1	CCA01-02	EmelCSIRO	Y	CCA
EmelCSIRO-rep2	CCA01-02	EmelCSIRO	Y	CCA
EB510	DP15-oxley.1	EB510	Y	DP15
EB515	DP15-oxley.1	EB515	Y	DP15
EB519	DP15-oxley.1	EB519	Y	DP15
EB521	DP15-oxley.1	EB521	Y	DP15
EB522	DP15-oxley.1	EB522	Y	DP15
EB523	DP15-oxley.1	EB523	Y	DP15
EB524	DP15-oxley.1	EB524	Y	DP15
EB525	DP15-oxley.1	EB525	Y	DP15
EB526	DP15-oxley.1	EB526	Y	DP15
EB527	DP15-oxley.1	EB527	Y	DP15
EB528	DP15-oxley.1	EB528	Y	DP15
EB529	DP15-oxley.1	EB529	Y	DP15
EB530	DP15-oxley.1	EB530	Y	DP15
EB531	DP15-oxley.1	EB531	Y	DP15
EB534	DP15-oxley.1	EB534	Y	DP15
EB535	DP15-oxley.1	EB535	Y	DP15
EB536	DP15-oxley.1	EB536	Y	DP15
ENE0001	DP15-oxley.1	ENE0001	Y	DP15
ENE0005	DP15-oxley.1	ENE0005	Y	DP15
ENE0008	DP15-oxley.1	ENE0008	Y	DP15
ENE0009	DP15-oxley.1	ENE0009	Y	DP15
ENE0010	DP15-oxley.1	ENE0010	Y	DP15
ENE0011	DP15-oxley.1	ENE0011	Y	DP15
ENE0014	DP15-oxley.1	ENE0014	Y	DP15
ENE0015	DP15-oxley.1	ENE0015	Y	DP15
ENE0023	DP15-oxley.1	ENE0023	Y	DP15
ENE0024	DP15-oxley.1	ENE0024	Y	DP15
ENE0026	DP15-oxley.1	ENE0026	Y	DP15
ENE0028	DP15-oxley.1	ENE0028	Y	DP15
ENE0030	DP15-oxley.1	ENE0030	Y	DP15
ENE0031	DP15-oxley.1	ENE0031	Y	DP15
ENE0032	DP15-oxley.1	ENE0032	Y	DP15
ENE0033	DP15-oxley.1	ENE0033	Y	DP15
ENE0034	DP15-oxley.1	ENE0034	Y	DP15
ENE0036	DP15-oxley.1	ENE0036	Y	DP15
ENE0038	DP15-oxley.1	ENE0038	Y	DP15
ENE0040	DP15-oxley.1	ENE0040	Y	DP15
ENE0042	DP15-oxley.1	ENE0042	Y	DP15
ENE0044	DP15-oxley.1	ENE0044	Y	DP15
J345b	DP15-oxley.1	J345b	Y	DP15
J345c	DP15-oxley.1	J345c	Y	DP15
J349	DP15-oxley.1	J349	Y	DP15
J355b	DP15-oxley.1	J355b	Y	DP15
J359f	DP15-oxley.1	J359f	Y	DP15
J377f	DP15-oxley.1	J377f	Y	DP15
J382	DP15-oxley.1	J382	Y	DP15
J395a-rep	DP15-oxley.1	J395a	Y	DP15
J401	DP15-oxley.1	J401	Y	DP15
J401i	DP15-oxley.1	J401i	Y	DP15
J405	DP15-oxley.1	J405	Y	DP15
J406	DP15-oxley.1	J406	Y	DP15
J413	DP15-oxley.1	J413	Y	DP15
J413b	DP15-oxley.1	J413b	Y	DP15
J413d	DP15-oxley.1	J413d	Y	DP15
J413e	DP15-oxley.1	J413e	Y	DP15
J413g	DP15-oxley.1	J413g	Y	DP15
J413h	DP15-oxley.1	J413h	Y	DP15
J413i	DP15-oxley.1	J413i	Y	DP15
J414d	DP15-oxley.1	J414d	Y	DP15
J418d	DP15-oxley.1	J418d	Y	DP15
J418f	DP15-oxley.1	J418f	NO_bwa_doesnt_like_it	DP15
J421a	DP15-oxley.1	J421a	Y	DP15
J421c	DP15-oxley.1	J421c	Y	DP15
J421d	DP15-oxley.1	J421d	Y	DP15
J421e	DP15-oxley.1	J421e	Y	DP15
J421f	DP15-oxley.1	J421f	Y	DP15
J421g	DP15-oxley.1	J421g	Y	DP15
J421h	DP15-oxley.1	J421h	Y	DP15
J421i	DP15-oxley.1	J421i	Y	DP15
J422	DP15-oxley.1	J422	Y	DP15
J422b	DP15-oxley.1	J422b	Y	DP15
J422d	DP15-oxley.1	J422d	Y	DP15
J422h	DP15-oxley.1	J422h	Y	DP15
J422i	DP15-oxley.1	J422i	Y	DP15
J424h	DP15-oxley.1	J424h	Y	DP15
J424i	DP15-oxley.1	J424i	Y	DP15
J426e	DP15-oxley.1	J426e	Y	DP15
J433i	DP15-oxley.1	J433i	Y	DP15
TLC724	DP15-oxley.1	TLC724	Y	DP15
TLC732	DP15-oxley.1	TLC732	Y	DP15
TLC734	DP15-oxley.1	TLC734	Y	DP15
TLC738-1	DP15-oxley.1	TLC738-1	Y	DP15
TLC739	DP15-oxley.1	TLC739	Y	DP15
TLC750	DP15-oxley.1	TLC750	Y	DP15
TLC757	DP15-oxley.1	TLC757	Y	DP15
TLC758	DP15-oxley.1	TLC758	Y	DP15
TLC760	DP15-oxley.1	TLC760	Y	DP15
TLC761	DP15-oxley.1	TLC761	Y	DP15
TLC764	DP15-oxley.1	TLC764	Y	DP15
TLC807	DP15-oxley.1	TLC807	Y	DP15
TLC827	DP15-oxley.1	TLC827	Y	DP15
TLC830	DP15-oxley.1	TLC830	Y	DP15
TLC831	DP15-oxley.1	TLC831	Y	DP15
TLC908	DP15-oxley.1	TLC908	Y	DP15
TLC909	DP15-oxley.1	TLC909	Y	DP15
TLC914	DP15-oxley.1	TLC914	Y	DP15
TLC915	DP15-oxley.1	TLC915	Y	DP15
TLC922-1	DP15-oxley.1	TLC922-1	Y	DP15
TLC922-2	DP15-oxley.1	TLC922-2	Y	DP15
TLC922-3	DP15-oxley.1	TLC922-3	Y	DP15
TLC922-4	DP15-oxley.1	TLC922-4	Y	DP15
TLC922-5	DP15-oxley.1	TLC922-5	Y	DP15
TLC946	DP15-oxley.1	TLC946	Y	DP15
TLC947	DP15-oxley.1	TLC947	Y	DP15
TLC948	DP15-oxley.1	TLC948	Y	DP15
TLC949	DP15-oxley.1	TLC949	Y	DP15
TLC950	DP15-oxley.1	TLC950	Y	DP15
TLC952-1	DP15-oxley.1	TLC952-1	Y	DP15
TLC952-2	DP15-oxley.1	TLC952-2	Y	DP15
TLC952-3	DP15-oxley.1	TLC952-3	Y	DP15
TLC952-4	DP15-oxley.1	TLC952-4	Y	DP15
TLC952-5	DP15-oxley.1	TLC952-5	Y	DP15
TLC953C	DP15-oxley.1	TLC953C	Y	DP15
TLC953E	DP15-oxley.1	TLC953E	Y	DP15
TLC963A	DP15-oxley.1	TLC963A	Y	DP15
TLC963C	DP15-oxley.1	TLC963C	Y	DP15
FDK10	DP15-plate1-6.0	FDK10	Y	DP15
GH1	DP15-plate1-6.0	GH1	Y	DP15
GH2	DP15-plate1-6.0	GH2	Y	DP15
J293	DP15-plate1-6.0	J293	Y	DP15
J294	DP15-plate1-6.0	J294	Y	DP15
J295	DP15-plate1-6.0	J295	Y	DP15
J295-rep	DP15-plate1-6.0	J295	Y	DP15
J296	DP15-plate1-6.0	J296	Y	DP15
J298	DP15-plate1-6.0	J298	Y	DP15
J300	DP15-plate1-6.0	J300	Y	DP15
J301	DP15-plate1-6.0	J301	Y	DP15
J302	DP15-plate1-6.0	J302	Y	DP15
J303	DP15-plate1-6.0	J303	Y	DP15
J304	DP15-plate1-6.0	J304	Y	DP15
J307	DP15-plate1-6.0	J307	Y	DP15
J310	DP15-plate1-6.0	J310	Y	DP15
J311	DP15-plate1-6.0	J311	Y	DP15
J312	DP15-plate1-6.0	J312	Y	DP15
J315	DP15-plate1-6.0	J315	Y	DP15
J316	DP15-plate1-6.0	J316	Y	DP15
J317	DP15-plate1-6.0	J317	Y	DP15
J318	DP15-plate1-6.0	J318	Y	DP15
J319	DP15-plate1-6.0	J319	Y	DP15
J320	DP15-plate1-6.0	J320	Y	DP15
J321g	DP15-plate1-6.0	J321g	Y	DP15
J322	DP15-plate1-6.0	J322	Y	DP15
J324	DP15-plate1-6.0	J324	Y	DP15
J326	DP15-plate1-6.0	J326	Y	DP15
J327	DP15-plate1-6.0	J327	Y	DP15
J328	DP15-plate1-6.0	J328	Y	DP15
J329	DP15-plate1-6.0	J329	Y	DP15
J330	DP15-plate1-6.0	J330	Y	DP15
J331	DP15-plate1-6.0	J331	Y	DP15
J333	DP15-plate1-6.0	J333	Y	DP15
J333_plus	DP15-plate1-6.0	J333	Y	DP15
J333a	DP15-plate1-6.0	J333a	Y	DP15
J334	DP15-plate1-6.0	J334	Y	DP15
J335	DP15-plate1-6.0	J335	Y	DP15
J338	DP15-plate1-6.0	J338	Y	DP15
J339	DP15-plate1-6.0	J339	Y	DP15
J340	DP15-plate1-6.0	J340	Y	DP15
J341	DP15-plate1-6.0	J341	Y	DP15
J341a	DP15-plate1-6.0	J341a	Y	DP15
J341b	DP15-plate1-6.0	J341b	Y	DP15
J341c	DP15-plate1-6.0	J341c	Y	DP15
J341d	DP15-plate1-6.0	J341d	Y	DP15
J342	DP15-plate1-6.0	J342	Y	DP15
J342a	DP15-plate1-6.0	J342a	Y	DP15
J342a-rep	DP15-plate1-6.0	J342a	Y	DP15
J342b	DP15-plate1-6.0	J342b	Y	DP15
J342c	DP15-plate1-6.0	J342c	Y	DP15
J342d	DP15-plate1-6.0	J342d	Y	DP15
J343	DP15-plate1-6.0	J343	Y	DP15
J344	DP15-plate1-6.0	J344	Y	DP15
J345	DP15-plate1-6.0	J345	Y	DP15
J345_plus	DP15-plate1-6.0	J345	Y	DP15
J345a	DP15-plate1-6.0	J345a	Y	DP15
J345d	DP15-plate1-6.0	J345d	Y	DP15
J346	DP15-plate1-6.0	J346	Y	DP15
J347	DP15-plate1-6.0	J347	Y	DP15
J348	DP15-plate1-6.0	J348	Y	DP15
J349	DP15-plate1-6.0	J349	Y	DP15
J349a	DP15-plate1-6.0	J349a	Y	DP15
J349b	DP15-plate1-6.0	J349b	Y	DP15
J349d	DP15-plate1-6.0	J349d	Y	DP15
J349e	DP15-plate1-6.0	J349e	Y	DP15
J349f	DP15-plate1-6.0	J349f	Y	DP15
J349g	DP15-plate1-6.0	J349g	Y	DP15
J349h	DP15-plate1-6.0	J349h	Y	DP15
J349i	DP15-plate1-6.0	J349i	Y	DP15
J349j	DP15-plate1-6.0	J349j	Y	DP15
J350	DP15-plate1-6.0	J350	Y	DP15
J350a	DP15-plate1-6.0	J350a	Y	DP15
J350b	DP15-plate1-6.0	J350b	Y	DP15
J350c	DP15-plate1-6.0	J350c	Y	DP15
J350d	DP15-plate1-6.0	J350d	Y	DP15
J350e	DP15-plate1-6.0	J350e	Y	DP15
J350f	DP15-plate1-6.0	J350f	Y	DP15
J350g	DP15-plate1-6.0	J350g	Y	DP15
J350h	DP15-plate1-6.0	J350h	Y	DP15
J350i	DP15-plate1-6.0	J350i	Y	DP15
J351	DP15-plate1-6.0	J351	Y	DP15
J351_plus	DP15-plate1-6.0	J351	Y	DP15
J352	DP15-plate1-6.0	J352	Y	DP15
J352a	DP15-plate1-6.0	J352a	Y	DP15
J352b	DP15-plate1-6.0	J352b	Y	DP15
J352c	DP15-plate1-6.0	J352c	Y	DP15
J352d	DP15-plate1-6.0	J352d	Y	DP15
J352e	DP15-plate1-6.0	J352e	Y	DP15
J352f	DP15-plate1-6.0	J352f	Y	DP15
J352g	DP15-plate1-6.0	J352g	Y	DP15
J352h	DP15-plate1-6.0	J352h	Y	DP15
J352i	DP15-plate1-6.0	J352i	Y	DP15
J353	DP15-plate1-6.0	J353	Y	DP15
J354	DP15-plate1-6.0	J354	Y	DP15
J355	DP15-plate1-6.0	J355	Y	DP15
J355a	DP15-plate1-6.0	J355a	Y	DP15
J355b	DP15-plate1-6.0	J355b	Y	DP15
J355c	DP15-plate1-6.0	J355c	Y	DP15
J355d	DP15-plate1-6.0	J355d		DP15
J355e	DP15-plate1-6.0	J355e	Y	DP15
J355f	DP15-plate1-6.0	J355f	Y	DP15
J355g	DP15-plate1-6.0	J355g	Y	DP15
J357	DP15-plate1-6.0	J357	Y	DP15
J358	DP15-plate1-6.0	J358	Y	DP15
J359	DP15-plate1-6.0	J359	Y	DP15
J359a	DP15-plate1-6.0	J359a	Y	DP15
J359b	DP15-plate1-6.0	J359b	Y	DP15
J359c	DP15-plate1-6.0	J359c	Y	DP15
J359d	DP15-plate1-6.0	J359d	Y	DP15
J359e	DP15-plate1-6.0	J359e	Y	DP15
J359g	DP15-plate1-6.0	J359g	Y	DP15
J359h	DP15-plate1-6.0	J359h	Y	DP15
J359i	DP15-plate1-6.0	J359i	Y	DP15
J360	DP15-plate1-6.0	J360	Y	DP15
J361	DP15-plate1-6.0	J361	Y	DP15
J361a	DP15-plate1-6.0	J361a	Y	DP15
J361b	DP15-plate1-6.0	J361b	Y	DP15
J361c	DP15-plate1-6.0	J361c	Y	DP15
J361d	DP15-plate1-6.0	J361d	Y	DP15
J361e	DP15-plate1-6.0	J361e	Y	DP15
J361f	DP15-plate1-6.0	J361f	Y	DP15
J361g	DP15-plate1-6.0	J361g	Y	DP15
J361h	DP15-plate1-6.0	J361h	Y	DP15
J361i	DP15-plate1-6.0	J361i	Y	DP15
J362	DP15-plate1-6.0	J362	Y	DP15
J362_young	DP15-plate1-6.0	J362	Y	DP15
J362a	DP15-plate1-6.0	J362a	Y	DP15
J362b	DP15-plate1-6.0	J362b	Y	DP15
J363	DP15-plate1-6.0	J363	Y	DP15
J363_plus	DP15-plate1-6.0	J363	Y	DP15
J364	DP15-plate1-6.0	J364	Y	DP15
J365	DP15-plate1-6.0	J365	Y	DP15
J366	DP15-plate1-6.0	J366	Y	DP15
J366_plus	DP15-plate1-6.0	J366	Y	DP15
J367	DP15-plate1-6.0	J367	Y	DP15
J367a	DP15-plate1-6.0	J367a	Y	DP15
J367b	DP15-plate1-6.0	J367b	Y	DP15
J367c	DP15-plate1-6.0	J367c	Y	DP15
J367d	DP15-plate1-6.0	J367d	Y	DP15
J367e	DP15-plate1-6.0	J367e	Y	DP15
J367f	DP15-plate1-6.0	J367f	Y	DP15
J367g	DP15-plate1-6.0	J367g	Y	DP15
J367h	DP15-plate1-6.0	J367h	Y	DP15
J367i	DP15-plate1-6.0	J367i	Y	DP15
J368	DP15-plate1-6.0	J368	Y	DP15
J369	DP15-plate1-6.0	J369	Y	DP15
J370	DP15-plate1-6.0	J370	Y	DP15
J371	DP15-plate1-6.0	J371	Y	DP15
J372	DP15-plate1-6.0	J372	Y	DP15
J373	DP15-plate1-6.0	J373	Y	DP15
J374	DP15-plate1-6.0	J374	Y	DP15
J374a	DP15-plate1-6.0	J374a	Y	DP15
J374b	DP15-plate1-6.0	J374b	Y	DP15
J374c	DP15-plate1-6.0	J374c	Y	DP15
J374d	DP15-plate1-6.0	J374d	Y	DP15
J374e	DP15-plate1-6.0	J374e	Y	DP15
J374f	DP15-plate1-6.0	J374f	Y	DP15
J374g	DP15-plate1-6.0	J374g	Y	DP15
J374h	DP15-plate1-6.0	J374h	Y	DP15
J374i	DP15-plate1-6.0	J374i	Y	DP15
J375	DP15-plate1-6.0	J375	Y	DP15
J375-rep1	DP15-plate1-6.0	J375	Y	DP15
J376	DP15-plate1-6.0	J376	Y	DP15
J376a	DP15-plate1-6.0	J376a	Y	DP15
J376a-rep	DP15-plate1-6.0	J376a	Y	DP15
J376b	DP15-plate1-6.0	J376b	Y	DP15
J376c	DP15-plate1-6.0	J376c	Y	DP15
J376d	DP15-plate1-6.0	J376d	Y	DP15
J376e	DP15-plate1-6.0	J376e	Y	DP15
J376f	DP15-plate1-6.0	J376f	Y	DP15
J376g	DP15-plate1-6.0	J376g	Y	DP15
J376h	DP15-plate1-6.0	J376h	Y	DP15
J376i	DP15-plate1-6.0	J376i	Y	DP15
J377	DP15-plate1-6.0	J377	Y	DP15
J377a	DP15-plate1-6.0	J377a	Y	DP15
J377b	DP15-plate1-6.0	J377b	Y	DP15
J377c	DP15-plate1-6.0	J377c	Y	DP15
J377d	DP15-plate1-6.0	J377d	Y	DP15
J377e-rep	DP15-plate1-6.0	J377e	Y	DP15
J377e	DP15-plate1-6.0	J377e	Y	DP15
J377g	DP15-plate1-6.0	J377g	Y	DP15
J377h	DP15-plate1-6.0	J377h	Y	DP15
J377i	DP15-plate1-6.0	J377i	Y	DP15
J379	DP15-plate1-6.0	J379	Y	DP15
J381	DP15-plate1-6.0	J381	Y	DP15
J382a	DP15-plate1-6.0	J382a	Y	DP15
J382b	DP15-plate1-6.0	J382b	Y	DP15
J382c	DP15-plate1-6.0	J382c	Y	DP15
J382d	DP15-plate1-6.0	J382d	Y	DP15
J382e	DP15-plate1-6.0	J382e	Y	DP15
J382f	DP15-plate1-6.0	J382f	Y	DP15
J382g	DP15-plate1-6.0	J382g	Y	DP15
J382h	DP15-plate1-6.0	J382h	Y	DP15
J382i	DP15-plate1-6.0	J382i	Y	DP15
J383	DP15-plate1-6.0	J383	Y	DP15
J385	DP15-plate1-6.0	J385	Y	DP15
J385-rep	DP15-plate1-6.0	J385	Y	DP15
J385a	DP15-plate1-6.0	J385a	Y	DP15
J385b	DP15-plate1-6.0	J385b	Y	DP15
J385c	DP15-plate1-6.0	J385c	Y	DP15
J385d	DP15-plate1-6.0	J385d	Y	DP15
J385e	DP15-plate1-6.0	J385e	Y	DP15
J385f	DP15-plate1-6.0	J385f	Y	DP15
J385g	DP15-plate1-6.0	J385g	Y	DP15
J385h	DP15-plate1-6.0	J385h	Y	DP15
J385i	DP15-plate1-6.0	J385i	Y	DP15
J386	DP15-plate1-6.0	J386	Y	DP15
J386a	DP15-plate1-6.0	J386a	Y	DP15
J386b	DP15-plate1-6.0	J386b	Y	DP15
J386c	DP15-plate1-6.0	J386c	Y	DP15
J386d	DP15-plate1-6.0	J386d	Y	DP15
J386e	DP15-plate1-6.0	J386e	Y	DP15
J386f	DP15-plate1-6.0	J386f	Y	DP15
J386g	DP15-plate1-6.0	J386g	Y	DP15
J386h	DP15-plate1-6.0	J386h	Y	DP15
J386i	DP15-plate1-6.0	J386i	Y	DP15
J387	DP15-plate1-6.0	J387	Y	DP15
J387a	DP15-plate1-6.0	J387a	Y	DP15
J387b	DP15-plate1-6.0	J387b	Y	DP15
J387c	DP15-plate1-6.0	J387c	Y	DP15
J387d	DP15-plate1-6.0	J387d	Y	DP15
J387e	DP15-plate1-6.0	J387e	Y	DP15
J387f	DP15-plate1-6.0	J387f	Y	DP15
J387g	DP15-plate1-6.0	J387g	Y	DP15
J387h	DP15-plate1-6.0	J387h	Y	DP15
J387i	DP15-plate1-6.0	J387i	Y	DP15
J388	DP15-plate1-6.0	J388	Y	DP15
J388a	DP15-plate1-6.0	J388a	Y	DP15
J388b	DP15-plate1-6.0	J388b	Y	DP15
J388c	DP15-plate1-6.0	J388c	Y	DP15
J388d	DP15-plate1-6.0	J388d	Y	DP15
J388e	DP15-plate1-6.0	J388e	Y	DP15
J388f	DP15-plate1-6.0	J388f	Y	DP15
J388g	DP15-plate1-6.0	J388g	Y	DP15
J388h	DP15-plate1-6.0	J388h	Y	DP15
J388i	DP15-plate1-6.0	J388i	Y	DP15
J389	DP15-plate1-6.0	J389	Y	DP15
J390	DP15-plate1-6.0	J390	Y	DP15
J390a	DP15-plate1-6.0	J390a	Y	DP15
J390a-rep	DP15-plate1-6.0	J390a	Y	DP15
J390b	DP15-plate1-6.0	J390b	Y	DP15
J392	DP15-plate1-6.0	J392	Y	DP15
J393	DP15-plate1-6.0	J393	Y	DP15
J393a	DP15-plate1-6.0	J393a	Y	DP15
J393b	DP15-plate1-6.0	J393b	Y	DP15
J393c	DP15-plate1-6.0	J393c	Y	DP15
J393d	DP15-plate1-6.0	J393d	Y	DP15
J393e	DP15-plate1-6.0	J393e	Y	DP15
J393f	DP15-plate1-6.0	J393f	Y	DP15
J393g	DP15-plate1-6.0	J393g	Y	DP15
J393h	DP15-plate1-6.0	J393h	Y	DP15
J393i	DP15-plate1-6.0	J393i	Y	DP15
J394	DP15-plate1-6.0	J394	Y	DP15
J394a	DP15-plate1-6.0	J394a	Y	DP15
J394b	DP15-plate1-6.0	J394b	Y	DP15
J394c	DP15-plate1-6.0	J394c	Y	DP15
J394d	DP15-plate1-6.0	J394d	Y	DP15
J394e	DP15-plate1-6.0	J394e	Y	DP15
J394f	DP15-plate1-6.0	J394f	Y	DP15
J394g	DP15-plate1-6.0	J394g	Y	DP15
J395	DP15-plate1-6.0	J395	Y	DP15
J395A	DP15-plate1-6.0	J395a	Y	DP15
J395B	DP15-plate1-6.0	J395b	Y	DP15
J395C	DP15-plate1-6.0	J395c	Y	DP15
J395D	DP15-plate1-6.0	J395d	Y	DP15
J395E	DP15-plate1-6.0	J395e	Y	DP15
J395H	DP15-plate1-6.0	J395h	Y	DP15
J397	DP15-plate1-6.0	J397	Y	DP15
J398	DP15-plate1-6.0	J398	Y	DP15
J399	DP15-plate1-6.0	J399	Y	DP15
J400	DP15-plate1-6.0	J400	Y	DP15
J401	DP15-plate1-6.0	J401	Y	DP15
J401a	DP15-plate1-6.0	J401a	Y	DP15
J401b	DP15-plate1-6.0	J401b	Y	DP15
J401c	DP15-plate1-6.0	J401c	Y	DP15
J401d	DP15-plate1-6.0	J401d	Y	DP15
J401e	DP15-plate1-6.0	J401e	Y	DP15
J401f	DP15-plate1-6.0	J401f	Y	DP15
J401g	DP15-plate1-6.0	J401g	Y	DP15
J401h	DP15-plate1-6.0	J401h	Y	DP15
J402	DP15-plate1-6.0	J402	Y	DP15
J403	DP15-plate1-6.0	J403	Y	DP15
J404	DP15-plate1-6.0	J404	Y	DP15
J405	DP15-plate1-6.0	J405	Y	DP15
J405a	DP15-plate1-6.0	J405a	Y	DP15
J405b	DP15-plate1-6.0	J405b	Y	DP15
J405c	DP15-plate1-6.0	J405c	Y	DP15
J405d	DP15-plate1-6.0	J405d	Y	DP15
J405e	DP15-plate1-6.0	J405e	Y	DP15
J405f	DP15-plate1-6.0	J405f	Y	DP15
J405g	DP15-plate1-6.0	J405g	Y	DP15
J405h	DP15-plate1-6.0	J405h	Y	DP15
J405i	DP15-plate1-6.0	J405i	Y	DP15
J406	DP15-plate1-6.0	J406	Y	DP15
J406a	DP15-plate1-6.0	J406a	Y	DP15
J406b	DP15-plate1-6.0	J406b	Y	DP15
J406c	DP15-plate1-6.0	J406c	Y	DP15
J406d	DP15-plate1-6.0	J406d	Y	DP15
J406e	DP15-plate1-6.0	J406e	Y	DP15
J406f	DP15-plate1-6.0	J406f	Y	DP15
J406g	DP15-plate1-6.0	J406g	Y	DP15
J406h	DP15-plate1-6.0	J406h	Y	DP15
J406i	DP15-plate1-6.0	J406i	Y	DP15
J407	DP15-plate1-6.0	J407	Y	DP15
J408	DP15-plate1-6.0	J408	Y	DP15
J411	DP15-plate1-6.0	J411	Y	DP15
J412	DP15-plate1-6.0	J412	Y	DP15
J413	DP15-plate1-6.0	J413	Y	DP15
J413a	DP15-plate1-6.0	J413a	Y	DP15
J413c	DP15-plate1-6.0	J413c	Y	DP15
J413f	DP15-plate1-6.0	J413f	Y	DP15
J414	DP15-plate1-6.0	J414	Y	DP15
J414a	DP15-plate1-6.0	J414a	Y	DP15
J414b	DP15-plate1-6.0	J414b	Y	DP15
J414c	DP15-plate1-6.0	J414c	Y	DP15
J416	DP15-plate1-6.0	J416	Y	DP15
J416a	DP15-plate1-6.0	J416a	Y	DP15
J416b	DP15-plate1-6.0	J416b	Y	DP15
J416c	DP15-plate1-6.0	J416c	Y	DP15
J416d	DP15-plate1-6.0	J416d	Y	DP15
J416e	DP15-plate1-6.0	J416e	Y	DP15
J416f	DP15-plate1-6.0	J416f	Y	DP15
J416g	DP15-plate1-6.0	J416g	Y	DP15
J416h	DP15-plate1-6.0	J416h	Y	DP15
J416i	DP15-plate1-6.0	J416i	Y	DP15
J417	DP15-plate1-6.0	J417	Y	DP15
J418	DP15-plate1-6.0	J418	Y	DP15
J418a	DP15-plate1-6.0	J418a	Y	DP15
J418b	DP15-plate1-6.0	J418b	Y	DP15
J418c	DP15-plate1-6.0	J418c	Y	DP15
J418e	DP15-plate1-6.0	J418e	Y	DP15
J418g	DP15-plate1-6.0	J418g	Y	DP15
J418h	DP15-plate1-6.0	J418h	Y	DP15
J418i	DP15-plate1-6.0	J418i	Y	DP15
J419	DP15-plate1-6.0	J419	Y	DP15
J419a	DP15-plate1-6.0	J419a	Y	DP15
J419b	DP15-plate1-6.0	J419b	Y	DP15
J419c	DP15-plate1-6.0	J419c	Y	DP15
J419d	DP15-plate1-6.0	J419d	Y	DP15
J419e	DP15-plate1-6.0	J419e	Y	DP15
J419f	DP15-plate1-6.0	J419f	Y	DP15
J419g	DP15-plate1-6.0	J419g	Y	DP15
J419h	DP15-plate1-6.0	J419h	Y	DP15
J419i	DP15-plate1-6.0	J419i	Y	DP15
J420	DP15-plate1-6.0	J420	Y	DP15
J421	DP15-plate1-6.0	J421	Y	DP15
J421b	DP15-plate1-6.0	J421b	Y	DP15
J422	DP15-plate1-6.0	J422	Y	DP15
J422a	DP15-plate1-6.0	J422a	Y	DP15
J422c	DP15-plate1-6.0	J422c	Y	DP15
J422e-rep	DP15-plate1-6.0	J422e	Y	DP15
J422e	DP15-plate1-6.0	J422e	Y	DP15
J422f	DP15-plate1-6.0	J422f	Y	DP15
J422g	DP15-plate1-6.0	J422g	Y	DP15
J423	DP15-plate1-6.0	J423	Y	DP15
J424	DP15-plate1-6.0	J424	Y	DP15
J424a	DP15-plate1-6.0	J424a	Y	DP15
J424b	DP15-plate1-6.0	J424b	Y	DP15
J424c	DP15-plate1-6.0	J424c	Y	DP15
J424d	DP15-plate1-6.0	J424d	Y	DP15
J424e	DP15-plate1-6.0	J424e	Y	DP15
J424f	DP15-plate1-6.0	J424f	Y	DP15
J424g	DP15-plate1-6.0	J424g	Y	DP15
J425	DP15-plate1-6.0	J425	Y	DP15
J425a	DP15-plate1-6.0	J425a	Y	DP15
J425b	DP15-plate1-6.0	J425b	Y	DP15
J425c	DP15-plate1-6.0	J425c	Y	DP15
J425d	DP15-plate1-6.0	J425d	Y	DP15
J425e	DP15-plate1-6.0	J425e	Y	DP15
J425f	DP15-plate1-6.0	J425f	Y	DP15
J425g	DP15-plate1-6.0	J425g	Y	DP15
J425h	DP15-plate1-6.0	J425h	Y	DP15
J425i	DP15-plate1-6.0	J425i	Y	DP15
J426	DP15-plate1-6.0	J426	Y	DP15
J426a	DP15-plate1-6.0	J426a	Y	DP15
J426b	DP15-plate1-6.0	J426b	Y	DP15
J426c	DP15-plate1-6.0	J426c	Y	DP15
J426d	DP15-plate1-6.0	J426d	Y	DP15
J426f	DP15-plate1-6.0	J426f	Y	DP15
J426g	DP15-plate1-6.0	J426g	Y	DP15
J426h	DP15-plate1-6.0	J426h	Y	DP15
J426i	DP15-plate1-6.0	J426i	Y	DP15
J427	DP15-plate1-6.0	J427	Y	DP15
J427a	DP15-plate1-6.0	J427a	Y	DP15
J428	DP15-plate1-6.0	J428	Y	DP15
J428a	DP15-plate1-6.0	J428a	Y	DP15
J428b	DP15-plate1-6.0	J428b	Y	DP15
J428c	DP15-plate1-6.0	J428c	Y	DP15
J428d	DP15-plate1-6.0	J428d	Y	DP15
J428e	DP15-plate1-6.0	J428e	Y	DP15
J428f	DP15-plate1-6.0	J428f	Y	DP15
J428g	DP15-plate1-6.0	J428g	Y	DP15
J428h	DP15-plate1-6.0	J428h	Y	DP15
J428i	DP15-plate1-6.0	J428i	Y	DP15
J429	DP15-plate1-6.0	J429	Y	DP15
J429a	DP15-plate1-6.0	J429a	Y	DP15
J429b	DP15-plate1-6.0	J429b	Y	DP15
J429c	DP15-plate1-6.0	J429c	Y	DP15
J429d	DP15-plate1-6.0	J429d	Y	DP15
J429e	DP15-plate1-6.0	J429e	Y	DP15
J429f	DP15-plate1-6.0	J429f	Y	DP15
J429g	DP15-plate1-6.0	J429g	Y	DP15
J429h	DP15-plate1-6.0	J429h	Y	DP15
J429i	DP15-plate1-6.0	J429i	Y	DP15
J430	DP15-plate1-6.0	J430	Y	DP15
J430a	DP15-plate1-6.0	J430a	Y	DP15
J430a-rep	DP15-plate1-6.0	J430a	Y	DP15
J430b	DP15-plate1-6.0	J430b	Y	DP15
J430c	DP15-plate1-6.0	J430c	Y	DP15
J430d	DP15-plate1-6.0	J430d	Y	DP15
J430e	DP15-plate1-6.0	J430e	Y	DP15
J430f	DP15-plate1-6.0	J430f	Y	DP15
J430g	DP15-plate1-6.0	J430g	Y	DP15
J430h	DP15-plate1-6.0	J430h	Y	DP15
J430i	DP15-plate1-6.0	J430i	Y	DP15
J431	DP15-plate1-6.0	J431	Y	DP15
J432	DP15-plate1-6.0	J432	Y	DP15
J433	DP15-plate1-6.0	J433	Y	DP15
J433a	DP15-plate1-6.0	J433a	Y	DP15
J433b	DP15-plate1-6.0	J433b	Y	DP15
J433c	DP15-plate1-6.0	J433c	Y	DP15
J433d	DP15-plate1-6.0	J433d	Y	DP15
J433e	DP15-plate1-6.0	J433e	Y	DP15
J433f	DP15-plate1-6.0	J433f	Y	DP15
J433g	DP15-plate1-6.0	J433g	Y	DP15
J433h	DP15-plate1-6.0	J433h	Y	DP15
J434	DP15-plate1-6.0	J434	Y	DP15
J434a	DP15-plate1-6.0	J434a	Y	DP15
J434b	DP15-plate1-6.0	J434b	Y	DP15
J435	DP15-plate1-6.0	J435	Y	DP15
J435a	DP15-plate1-6.0	J435a	Y	DP15
J435b	DP15-plate1-6.0	J435b	Y	DP15
J435c	DP15-plate1-6.0	J435c	Y	DP15
J435d	DP15-plate1-6.0	J435d	Y	DP15
J435e	DP15-plate1-6.0	J435e	Y	DP15
J435f	DP15-plate1-6.0	J435f	Y	DP15
J435g	DP15-plate1-6.0	J435g	Y	DP15
J435h	DP15-plate1-6.0	J435h	Y	DP15
J435i	DP15-plate1-6.0	J435i	Y	DP15
J436	DP15-plate1-6.0	J436	Y	DP15
J436a	DP15-plate1-6.0	J436a	Y	DP15
J436b	DP15-plate1-6.0	J436b	Y	DP15
J436c	DP15-plate1-6.0	J436c	Y	DP15
J436c-rep	DP15-plate1-6.0	J436c	Y	DP15
J436d	DP15-plate1-6.0	J436d	Y	DP15
J436e	DP15-plate1-6.0	J436e	Y	DP15
J436f	DP15-plate1-6.0	J436f	Y	DP15
J436g	DP15-plate1-6.0	J436g	Y	DP15
J436h	DP15-plate1-6.0	J436h	Y	DP15
J436i	DP15-plate1-6.0	J436i	Y	DP15
J437	DP15-plate1-6.0	J437	Y	DP15
J438	DP15-plate1-6.0	J438	Y	DP15
M1c	DP15-plate1-6.0	MelMosaic	Y	DP15
M2a	DP15-plate1-6.0	MelMosaic	Y	DP15
M2b	DP15-plate1-6.0	MelMosaic	Y	DP15
NAL05	DP15-plate1-6.0	NAL05	Y	DP15
NBJ30	DP15-plate1-6.0	NBJ30	Y	DP15
NCD30	DP15-plate1-6.0	NCD30	Y	DP15
NCR13	DP15-plate1-6.0	NCR13	Y	DP15
NDU10	DP15-plate1-6.0	NDU10	Y	DP15
NE4583	DP15-plate1-6.0	NE4583	Y	DP15
NE10467	DP15-plate1-6.0	NE10467	Y	DP15
NE25923	DP15-plate1-6.0	NE25923	Y	DP15
NE25953	DP15-plate1-6.0	NE25953	Y	DP15
NE35955	DP15-plate1-6.0	NE35955	Y	DP15
NE35959	DP15-plate1-6.0	NE35959	Y	DP15
NE36811	DP15-plate1-6.0	NE36811	Y	DP15
NE37169	DP15-plate1-6.0	NE37169	Y	DP15
NE37647	DP15-plate1-6.0	NE37647	Y	DP15
NE67754	DP15-plate1-6.0	NE67754	Y	DP15
NE90535	DP15-plate1-6.0	NE90535	Y	DP15
RA1006	DP15-plate1-6.0	RA1006	Y	DP15
RA1007	DP15-plate1-6.0	RA1007	Y	DP15
TLC715	DP15-plate1-6.0	TLC715	Y	DP15
TLC720	DP15-plate1-6.0	TLC720	Y	DP15
TLC725	DP15-plate1-6.0	TLC725	Y	DP15
TLC726	DP15-plate1-6.0	TLC726	Y	DP15
TLC775	DP15-plate1-6.0	TLC775	Y	DP15
VMA18	DP15-plate1-6.0	VMA18	Y	DP15
VWG14	DP15-plate1-6.0	VWG14	Y	DP15
FDK10	DP15-plate1-6.1	FDK10	Y	DP15
GH1	DP15-plate1-6.1	GH1	Y	DP15
GH2	DP15-plate1-6.1	GH2	Y	DP15
J293	DP15-plate1-6.1	J293	Y	DP15
J294	DP15-plate1-6.1	J294	Y	DP15
J295	DP15-plate1-6.1	J295	Y	DP15
J295-rep	DP15-plate1-6.1	J295	Y	DP15
J296	DP15-plate1-6.1	J296	Y	DP15
J298	DP15-plate1-6.1	J298	Y	DP15
J300	DP15-plate1-6.1	J300	Y	DP15
J301	DP15-plate1-6.1	J301	Y	DP15
J302	DP15-plate1-6.1	J302	Y	DP15
J303	DP15-plate1-6.1	J303	Y	DP15
J304	DP15-plate1-6.1	J304	Y	DP15
J307	DP15-plate1-6.1	J307	Y	DP15
J310	DP15-plate1-6.1	J310	Y	DP15
J311	DP15-plate1-6.1	J311	Y	DP15
J312	DP15-plate1-6.1	J312	Y	DP15
J315	DP15-plate1-6.1	J315	Y	DP15
J316	DP15-plate1-6.1	J316	Y	DP15
J317	DP15-plate1-6.1	J317	Y	DP15
J318	DP15-plate1-6.1	J318	Y	DP15
J319	DP15-plate1-6.1	J319	Y	DP15
J320	DP15-plate1-6.1	J320	Y	DP15
J321g	DP15-plate1-6.1	J321g	Y	DP15
J322	DP15-plate1-6.1	J322	Y	DP15
J324	DP15-plate1-6.1	J324	Y	DP15
J326	DP15-plate1-6.1	J326	Y	DP15
J327	DP15-plate1-6.1	J327	Y	DP15
J328	DP15-plate1-6.1	J328	Y	DP15
J329	DP15-plate1-6.1	J329	Y	DP15
J330	DP15-plate1-6.1	J330	Y	DP15
J331	DP15-plate1-6.1	J331	Y	DP15
J333	DP15-plate1-6.1	J333	Y	DP15
J333_plus	DP15-plate1-6.1	J333	Y	DP15
J333a	DP15-plate1-6.1	J333a	Y	DP15
J334	DP15-plate1-6.1	J334	Y	DP15
J335	DP15-plate1-6.1	J335	Y	DP15
J338	DP15-plate1-6.1	J338	Y	DP15
J339	DP15-plate1-6.1	J339	Y	DP15
J340	DP15-plate1-6.1	J340	Y	DP15
J341	DP15-plate1-6.1	J341	Y	DP15
J341a	DP15-plate1-6.1	J341a	Y	DP15
J341b	DP15-plate1-6.1	J341b	Y	DP15
J341c	DP15-plate1-6.1	J341c	Y	DP15
J341d	DP15-plate1-6.1	J341d	Y	DP15
J342	DP15-plate1-6.1	J342	Y	DP15
J342a	DP15-plate1-6.1	J342a	Y	DP15
J342a-rep	DP15-plate1-6.1	J342a	Y	DP15
J342b	DP15-plate1-6.1	J342b	Y	DP15
J342c	DP15-plate1-6.1	J342c	Y	DP15
J342d	DP15-plate1-6.1	J342d	Y	DP15
J343	DP15-plate1-6.1	J343	Y	DP15
J344	DP15-plate1-6.1	J344	Y	DP15
J345	DP15-plate1-6.1	J345	Y	DP15
J345_plus	DP15-plate1-6.1	J345	Y	DP15
J345a	DP15-plate1-6.1	J345a	Y	DP15
J345d	DP15-plate1-6.1	J345d	Y	DP15
J346	DP15-plate1-6.1	J346	Y	DP15
J347	DP15-plate1-6.1	J347	Y	DP15
J348	DP15-plate1-6.1	J348	Y	DP15
J349	DP15-plate1-6.1	J349	Y	DP15
J349a	DP15-plate1-6.1	J349a	Y	DP15
J349b	DP15-plate1-6.1	J349b	Y	DP15
J349d	DP15-plate1-6.1	J349d	Y	DP15
J349e	DP15-plate1-6.1	J349e	Y	DP15
J349f	DP15-plate1-6.1	J349f	Y	DP15
J349g	DP15-plate1-6.1	J349g	Y	DP15
J349h	DP15-plate1-6.1	J349h	Y	DP15
J349i	DP15-plate1-6.1	J349i	Y	DP15
J349j	DP15-plate1-6.1	J349j	Y	DP15
J350	DP15-plate1-6.1	J350	Y	DP15
J350a	DP15-plate1-6.1	J350a	Y	DP15
J350b	DP15-plate1-6.1	J350b	Y	DP15
J350c	DP15-plate1-6.1	J350c	Y	DP15
J350d	DP15-plate1-6.1	J350d	Y	DP15
J350e	DP15-plate1-6.1	J350e	Y	DP15
J350f	DP15-plate1-6.1	J350f	Y	DP15
J350g	DP15-plate1-6.1	J350g	Y	DP15
J350h	DP15-plate1-6.1	J350h	Y	DP15
J350i	DP15-plate1-6.1	J350i	Y	DP15
J351	DP15-plate1-6.1	J351	Y	DP15
J351_plus	DP15-plate1-6.1	J351	Y	DP15
J352	DP15-plate1-6.1	J352	Y	DP15
J352a	DP15-plate1-6.1	J352a	Y	DP15
J352b	DP15-plate1-6.1	J352b	Y	DP15
J352c	DP15-plate1-6.1	J352c	Y	DP15
J352d	DP15-plate1-6.1	J352d	Y	DP15
J352e	DP15-plate1-6.1	J352e	Y	DP15
J352f	DP15-plate1-6.1	J352f	Y	DP15
J352g	DP15-plate1-6.1	J352g	Y	DP15
J352h	DP15-plate1-6.1	J352h	Y	DP15
J352i	DP15-plate1-6.1	J352i	Y	DP15
J353	DP15-plate1-6.1	J353	Y	DP15
J354	DP15-plate1-6.1	J354	Y	DP15
J355	DP15-plate1-6.1	J355	Y	DP15
J355a	DP15-plate1-6.1	J355a	Y	DP15
J355b	DP15-plate1-6.1	J355b	Y	DP15
J355c	DP15-plate1-6.1	J355c	Y	DP15
J355d	DP15-plate1-6.1	J355d	Y	DP15
J355e	DP15-plate1-6.1	J355e	Y	DP15
J355f	DP15-plate1-6.1	J355f	Y	DP15
J355g	DP15-plate1-6.1	J355g	Y	DP15
J357	DP15-plate1-6.1	J357	Y	DP15
J358	DP15-plate1-6.1	J358	Y	DP15
J359	DP15-plate1-6.1	J359	Y	DP15
J359a	DP15-plate1-6.1	J359a	Y	DP15
J359b	DP15-plate1-6.1	J359b	Y	DP15
J359c	DP15-plate1-6.1	J359c	Y	DP15
J359d	DP15-plate1-6.1	J359d	Y	DP15
J359e	DP15-plate1-6.1	J359e	Y	DP15
J359g	DP15-plate1-6.1	J359g	Y	DP15
J359h	DP15-plate1-6.1	J359h	Y	DP15
J359i	DP15-plate1-6.1	J359i	Y	DP15
J360	DP15-plate1-6.1	J360	Y	DP15
J361	DP15-plate1-6.1	J361	Y	DP15
J361a	DP15-plate1-6.1	J361a	Y	DP15
J361b	DP15-plate1-6.1	J361b	Y	DP15
J361c	DP15-plate1-6.1	J361c	Y	DP15
J361d	DP15-plate1-6.1	J361d	Y	DP15
J361e	DP15-plate1-6.1	J361e	Y	DP15
J361f	DP15-plate1-6.1	J361f	Y	DP15
J361g	DP15-plate1-6.1	J361g	Y	DP15
J361h	DP15-plate1-6.1	J361h	Y	DP15
J361i	DP15-plate1-6.1	J361i	Y	DP15
J362	DP15-plate1-6.1	J362	Y	DP15
J362_young	DP15-plate1-6.1	J362	Y	DP15
J362a	DP15-plate1-6.1	J362a	Y	DP15
J362b	DP15-plate1-6.1	J362b	Y	DP15
J363	DP15-plate1-6.1	J363	Y	DP15
J363_plus	DP15-plate1-6.1	J363	Y	DP15
J364	DP15-plate1-6.1	J364	Y	DP15
J365	DP15-plate1-6.1	J365	Y	DP15
J366	DP15-plate1-6.1	J366	Y	DP15
J366_plus	DP15-plate1-6.1	J366	Y	DP15
J367	DP15-plate1-6.1	J367	Y	DP15
J367a	DP15-plate1-6.1	J367a	Y	DP15
J367b	DP15-plate1-6.1	J367b	Y	DP15
J367c	DP15-plate1-6.1	J367c	Y	DP15
J367d	DP15-plate1-6.1	J367d	Y	DP15
J367e	DP15-plate1-6.1	J367e	Y	DP15
J367f	DP15-plate1-6.1	J367f	Y	DP15
J367g	DP15-plate1-6.1	J367g	Y	DP15
J367h	DP15-plate1-6.1	J367h	Y	DP15
J367i	DP15-plate1-6.1	J367i	Y	DP15
J368	DP15-plate1-6.1	J368	Y	DP15
J369	DP15-plate1-6.1	J369	Y	DP15
J370	DP15-plate1-6.1	J370	Y	DP15
J371	DP15-plate1-6.1	J371	Y	DP15
J372	DP15-plate1-6.1	J372	Y	DP15
J373	DP15-plate1-6.1	J373	Y	DP15
J374	DP15-plate1-6.1	J374	Y	DP15
J374a	DP15-plate1-6.1	J374a	Y	DP15
J374b	DP15-plate1-6.1	J374b	Y	DP15
J374c	DP15-plate1-6.1	J374c	Y	DP15
J374d	DP15-plate1-6.1	J374d	Y	DP15
J374e	DP15-plate1-6.1	J374e	Y	DP15
J374f	DP15-plate1-6.1	J374f	Y	DP15
J374g	DP15-plate1-6.1	J374g	Y	DP15
J374h	DP15-plate1-6.1	J374h	Y	DP15
J374i	DP15-plate1-6.1	J374i	Y	DP15
J375	DP15-plate1-6.1	J375	Y	DP15
J375-rep1	DP15-plate1-6.1	J375	Y	DP15
J376	DP15-plate1-6.1	J376	Y	DP15
J376a	DP15-plate1-6.1	J376a	Y	DP15
J376a-rep	DP15-plate1-6.1	J376a	Y	DP15
J376b	DP15-plate1-6.1	J376b	Y	DP15
J376c	DP15-plate1-6.1	J376c	Y	DP15
J376d	DP15-plate1-6.1	J376d	Y	DP15
J376e	DP15-plate1-6.1	J376e	Y	DP15
J376f	DP15-plate1-6.1	J376f	Y	DP15
J376g	DP15-plate1-6.1	J376g	Y	DP15
J376h	DP15-plate1-6.1	J376h	Y	DP15
J376i	DP15-plate1-6.1	J376i	Y	DP15
J377	DP15-plate1-6.1	J377	Y	DP15
J377a	DP15-plate1-6.1	J377a	Y	DP15
J377b	DP15-plate1-6.1	J377b	Y	DP15
J377c	DP15-plate1-6.1	J377c	Y	DP15
J377d	DP15-plate1-6.1	J377d	Y	DP15
J377e-rep	DP15-plate1-6.1	J377e	Y	DP15
J377e	DP15-plate1-6.1	J377e	Y	DP15
J377g	DP15-plate1-6.1	J377g	Y	DP15
J377h	DP15-plate1-6.1	J377h	Y	DP15
J377i	DP15-plate1-6.1	J377i	Y	DP15
J379	DP15-plate1-6.1	J379	Y	DP15
J381	DP15-plate1-6.1	J381	Y	DP15
J382a	DP15-plate1-6.1	J382a	Y	DP15
J382b	DP15-plate1-6.1	J382b	Y	DP15
J382c	DP15-plate1-6.1	J382c	Y	DP15
J382d	DP15-plate1-6.1	J382d	Y	DP15
J382e	DP15-plate1-6.1	J382e	Y	DP15
J382f	DP15-plate1-6.1	J382f	Y	DP15
J382g	DP15-plate1-6.1	J382g	Y	DP15
J382h	DP15-plate1-6.1	J382h	Y	DP15
J382i	DP15-plate1-6.1	J382i	Y	DP15
J383	DP15-plate1-6.1	J383	Y	DP15
J385	DP15-plate1-6.1	J385	Y	DP15
J385-rep	DP15-plate1-6.1	J385	Y	DP15
J385a	DP15-plate1-6.1	J385a	Y	DP15
J385b	DP15-plate1-6.1	J385b	Y	DP15
J385c	DP15-plate1-6.1	J385c	Y	DP15
J385d	DP15-plate1-6.1	J385d	Y	DP15
J385e	DP15-plate1-6.1	J385e	Y	DP15
J385f	DP15-plate1-6.1	J385f	Y	DP15
J385g	DP15-plate1-6.1	J385g	Y	DP15
J385h	DP15-plate1-6.1	J385h	Y	DP15
J385i	DP15-plate1-6.1	J385i	Y	DP15
J386	DP15-plate1-6.1	J386	Y	DP15
J386a	DP15-plate1-6.1	J386a	Y	DP15
J386b	DP15-plate1-6.1	J386b	Y	DP15
J386c	DP15-plate1-6.1	J386c	Y	DP15
J386d	DP15-plate1-6.1	J386d	Y	DP15
J386e	DP15-plate1-6.1	J386e	Y	DP15
J386f	DP15-plate1-6.1	J386f	Y	DP15
J386g	DP15-plate1-6.1	J386g	Y	DP15
J386h	DP15-plate1-6.1	J386h	Y	DP15
J386i	DP15-plate1-6.1	J386i	Y	DP15
J387	DP15-plate1-6.1	J387	Y	DP15
J387a	DP15-plate1-6.1	J387a	Y	DP15
J387b	DP15-plate1-6.1	J387b	Y	DP15
J387c	DP15-plate1-6.1	J387c	Y	DP15
J387d	DP15-plate1-6.1	J387d	Y	DP15
J387e	DP15-plate1-6.1	J387e	Y	DP15
J387f	DP15-plate1-6.1	J387f	Y	DP15
J387g	DP15-plate1-6.1	J387g	Y	DP15
J387h	DP15-plate1-6.1	J387h	Y	DP15
J387i	DP15-plate1-6.1	J387i	Y	DP15
J388	DP15-plate1-6.1	J388	Y	DP15
J388a	DP15-plate1-6.1	J388a	Y	DP15
J388b	DP15-plate1-6.1	J388b	Y	DP15
J388c	DP15-plate1-6.1	J388c	Y	DP15
J388d	DP15-plate1-6.1	J388d	Y	DP15
J388e	DP15-plate1-6.1	J388e	Y	DP15
J388f	DP15-plate1-6.1	J388f	Y	DP15
J388g	DP15-plate1-6.1	J388g	Y	DP15
J388h	DP15-plate1-6.1	J388h	Y	DP15
J388i	DP15-plate1-6.1	J388i	Y	DP15
J389	DP15-plate1-6.1	J389	Y	DP15
J390	DP15-plate1-6.1	J390	Y	DP15
J390a	DP15-plate1-6.1	J390a	Y	DP15
J390a-rep	DP15-plate1-6.1	J390a	Y	DP15
J390b	DP15-plate1-6.1	J390b	Y	DP15
J392	DP15-plate1-6.1	J392	Y	DP15
J393	DP15-plate1-6.1	J393	Y	DP15
J393a	DP15-plate1-6.1	J393a	Y	DP15
J393b	DP15-plate1-6.1	J393b	Y	DP15
J393c	DP15-plate1-6.1	J393c	Y	DP15
J393d	DP15-plate1-6.1	J393d	Y	DP15
J393e	DP15-plate1-6.1	J393e	Y	DP15
J393f	DP15-plate1-6.1	J393f	Y	DP15
J393g	DP15-plate1-6.1	J393g	Y	DP15
J393h	DP15-plate1-6.1	J393h	Y	DP15
J393i	DP15-plate1-6.1	J393i	Y	DP15
J394	DP15-plate1-6.1	J394	Y	DP15
J394a	DP15-plate1-6.1	J394a	Y	DP15
J394b	DP15-plate1-6.1	J394b	Y	DP15
J394c	DP15-plate1-6.1	J394c	Y	DP15
J394d	DP15-plate1-6.1	J394d	Y	DP15
J394e	DP15-plate1-6.1	J394e	Y	DP15
J394f	DP15-plate1-6.1	J394f	Y	DP15
J394g	DP15-plate1-6.1	J394g	Y	DP15
J395	DP15-plate1-6.1	J395	Y	DP15
J395A	DP15-plate1-6.1	J395a	Y	DP15
J395B	DP15-plate1-6.1	J395b	Y	DP15
J395C	DP15-plate1-6.1	J395c	Y	DP15
J395D	DP15-plate1-6.1	J395d	Y	DP15
J395E	DP15-plate1-6.1	J395e	Y	DP15
J395H	DP15-plate1-6.1	J395h	Y	DP15
J397	DP15-plate1-6.1	J397	Y	DP15
J398	DP15-plate1-6.1	J398	Y	DP15
J399	DP15-plate1-6.1	J399	Y	DP15
J400	DP15-plate1-6.1	J400	Y	DP15
J401	DP15-plate1-6.1	J401	Y	DP15
J401a	DP15-plate1-6.1	J401a	Y	DP15
J401b	DP15-plate1-6.1	J401b	Y	DP15
J401c	DP15-plate1-6.1	J401c	Y	DP15
J401d	DP15-plate1-6.1	J401d	Y	DP15
J401e	DP15-plate1-6.1	J401e	Y	DP15
J401f	DP15-plate1-6.1	J401f	Y	DP15
J401g	DP15-plate1-6.1	J401g	Y	DP15
J401h	DP15-plate1-6.1	J401h	Y	DP15
J402	DP15-plate1-6.1	J402	Y	DP15
J403	DP15-plate1-6.1	J403	Y	DP15
J404	DP15-plate1-6.1	J404	Y	DP15
J405	DP15-plate1-6.1	J405	Y	DP15
J405a	DP15-plate1-6.1	J405a	Y	DP15
J405b	DP15-plate1-6.1	J405b	Y	DP15
J405c	DP15-plate1-6.1	J405c	Y	DP15
J405d	DP15-plate1-6.1	J405d	Y	DP15
J405e	DP15-plate1-6.1	J405e	Y	DP15
J405f	DP15-plate1-6.1	J405f	Y	DP15
J405g	DP15-plate1-6.1	J405g	Y	DP15
J405h	DP15-plate1-6.1	J405h	Y	DP15
J405i	DP15-plate1-6.1	J405i	Y	DP15
J406	DP15-plate1-6.1	J406	Y	DP15
J406a	DP15-plate1-6.1	J406a	Y	DP15
J406b	DP15-plate1-6.1	J406b	Y	DP15
J406c	DP15-plate1-6.1	J406c	Y	DP15
J406d	DP15-plate1-6.1	J406d	Y	DP15
J406e	DP15-plate1-6.1	J406e	Y	DP15
J406f	DP15-plate1-6.1	J406f	Y	DP15
J406g	DP15-plate1-6.1	J406g	Y	DP15
J406h	DP15-plate1-6.1	J406h	Y	DP15
J406i	DP15-plate1-6.1	J406i	Y	DP15
J407	DP15-plate1-6.1	J407	Y	DP15
J408	DP15-plate1-6.1	J408	Y	DP15
J411	DP15-plate1-6.1	J411	Y	DP15
J412	DP15-plate1-6.1	J412	Y	DP15
J413	DP15-plate1-6.1	J413	Y	DP15
J413a	DP15-plate1-6.1	J413a	Y	DP15
J413c	DP15-plate1-6.1	J413c	Y	DP15
J413f	DP15-plate1-6.1	J413f	Y	DP15
J414	DP15-plate1-6.1	J414	Y	DP15
J414a	DP15-plate1-6.1	J414a	Y	DP15
J414b	DP15-plate1-6.1	J414b	Y	DP15
J414c	DP15-plate1-6.1	J414c	Y	DP15
J416	DP15-plate1-6.1	J416	Y	DP15
J416a	DP15-plate1-6.1	J416a	Y	DP15
J416b	DP15-plate1-6.1	J416b	Y	DP15
J416c	DP15-plate1-6.1	J416c	Y	DP15
J416d	DP15-plate1-6.1	J416d	Y	DP15
J416e	DP15-plate1-6.1	J416e	Y	DP15
J416f	DP15-plate1-6.1	J416f	Y	DP15
J416g	DP15-plate1-6.1	J416g	Y	DP15
J416h	DP15-plate1-6.1	J416h	Y	DP15
J416i	DP15-plate1-6.1	J416i	Y	DP15
J417	DP15-plate1-6.1	J417	Y	DP15
J418	DP15-plate1-6.1	J418	Y	DP15
J418a	DP15-plate1-6.1	J418a	Y	DP15
J418b	DP15-plate1-6.1	J418b	Y	DP15
J418c	DP15-plate1-6.1	J418c	Y	DP15
J418e	DP15-plate1-6.1	J418e	Y	DP15
J418g	DP15-plate1-6.1	J418g	Y	DP15
J418h	DP15-plate1-6.1	J418h	Y	DP15
J418i	DP15-plate1-6.1	J418i	Y	DP15
J419	DP15-plate1-6.1	J419	Y	DP15
J419a	DP15-plate1-6.1	J419a	Y	DP15
J419b	DP15-plate1-6.1	J419b	Y	DP15
J419c	DP15-plate1-6.1	J419c	Y	DP15
J419d	DP15-plate1-6.1	J419d	Y	DP15
J419e	DP15-plate1-6.1	J419e	Y	DP15
J419f	DP15-plate1-6.1	J419f	Y	DP15
J419g	DP15-plate1-6.1	J419g	Y	DP15
J419h	DP15-plate1-6.1	J419h	Y	DP15
J419i	DP15-plate1-6.1	J419i	Y	DP15
J420	DP15-plate1-6.1	J420	Y	DP15
J421	DP15-plate1-6.1	J421	Y	DP15
J421b	DP15-plate1-6.1	J421b	Y	DP15
J422	DP15-plate1-6.1	J422	Y	DP15
J422a	DP15-plate1-6.1	J422a	Y	DP15
J422c	DP15-plate1-6.1	J422c	Y	DP15
J422e-rep	DP15-plate1-6.1	J422e	Y	DP15
J422e	DP15-plate1-6.1	J422e	Y	DP15
J422f	DP15-plate1-6.1	J422f	Y	DP15
J422g	DP15-plate1-6.1	J422g	Y	DP15
J423	DP15-plate1-6.1	J423	Y	DP15
J424	DP15-plate1-6.1	J424	Y	DP15
J424a	DP15-plate1-6.1	J424a	Y	DP15
J424b	DP15-plate1-6.1	J424b	Y	DP15
J424c	DP15-plate1-6.1	J424c	Y	DP15
J424d	DP15-plate1-6.1	J424d	Y	DP15
J424e	DP15-plate1-6.1	J424e	Y	DP15
J424f	DP15-plate1-6.1	J424f	Y	DP15
J424g	DP15-plate1-6.1	J424g	Y	DP15
J425	DP15-plate1-6.1	J425	Y	DP15
J425a	DP15-plate1-6.1	J425a	Y	DP15
J425b	DP15-plate1-6.1	J425b	Y	DP15
J425c	DP15-plate1-6.1	J425c	Y	DP15
J425d	DP15-plate1-6.1	J425d	Y	DP15
J425e	DP15-plate1-6.1	J425e	Y	DP15
J425f	DP15-plate1-6.1	J425f	Y	DP15
J425g	DP15-plate1-6.1	J425g	Y	DP15
J425h	DP15-plate1-6.1	J425h	Y	DP15
J425i	DP15-plate1-6.1	J425i	Y	DP15
J426	DP15-plate1-6.1	J426	Y	DP15
J426a	DP15-plate1-6.1	J426a	Y	DP15
J426b	DP15-plate1-6.1	J426b	Y	DP15
J426c	DP15-plate1-6.1	J426c	Y	DP15
J426d	DP15-plate1-6.1	J426d	Y	DP15
J426f	DP15-plate1-6.1	J426f	Y	DP15
J426g	DP15-plate1-6.1	J426g	Y	DP15
J426h	DP15-plate1-6.1	J426h	Y	DP15
J426i	DP15-plate1-6.1	J426i	Y	DP15
J427	DP15-plate1-6.1	J427	Y	DP15
J427a	DP15-plate1-6.1	J427a	Y	DP15
J428	DP15-plate1-6.1	J428	Y	DP15
J428a	DP15-plate1-6.1	J428a	Y	DP15
J428b	DP15-plate1-6.1	J428b	Y	DP15
J428c	DP15-plate1-6.1	J428c	Y	DP15
J428d	DP15-plate1-6.1	J428d	Y	DP15
J428e	DP15-plate1-6.1	J428e	Y	DP15
J428f	DP15-plate1-6.1	J428f	Y	DP15
J428g	DP15-plate1-6.1	J428g	Y	DP15
J428h	DP15-plate1-6.1	J428h	Y	DP15
J428i	DP15-plate1-6.1	J428i	Y	DP15
J429	DP15-plate1-6.1	J429	Y	DP15
J429a	DP15-plate1-6.1	J429a	Y	DP15
J429b	DP15-plate1-6.1	J429b	Y	DP15
J429c	DP15-plate1-6.1	J429c	Y	DP15
J429d	DP15-plate1-6.1	J429d	Y	DP15
J429e	DP15-plate1-6.1	J429e	Y	DP15
J429f	DP15-plate1-6.1	J429f	Y	DP15
J429g	DP15-plate1-6.1	J429g	Y	DP15
J429h	DP15-plate1-6.1	J429h	Y	DP15
J429i	DP15-plate1-6.1	J429i	Y	DP15
J430	DP15-plate1-6.1	J430	Y	DP15
J430a	DP15-plate1-6.1	J430a	Y	DP15
J430a-rep	DP15-plate1-6.1	J430a	Y	DP15
J430b	DP15-plate1-6.1	J430b	Y	DP15
J430c	DP15-plate1-6.1	J430c	Y	DP15
J430d	DP15-plate1-6.1	J430d	Y	DP15
J430e	DP15-plate1-6.1	J430e	Y	DP15
J430f	DP15-plate1-6.1	J430f	Y	DP15
J430g	DP15-plate1-6.1	J430g	Y	DP15
J430h	DP15-plate1-6.1	J430h	Y	DP15
J430i	DP15-plate1-6.1	J430i	Y	DP15
J431	DP15-plate1-6.1	J431	Y	DP15
J432	DP15-plate1-6.1	J432	Y	DP15
J433	DP15-plate1-6.1	J433	Y	DP15
J433a	DP15-plate1-6.1	J433a	Y	DP15
J433b	DP15-plate1-6.1	J433b	Y	DP15
J433c	DP15-plate1-6.1	J433c	Y	DP15
J433d	DP15-plate1-6.1	J433d	Y	DP15
J433e	DP15-plate1-6.1	J433e	Y	DP15
J433f	DP15-plate1-6.1	J433f	Y	DP15
J433g	DP15-plate1-6.1	J433g	Y	DP15
J433h	DP15-plate1-6.1	J433h	Y	DP15
J434	DP15-plate1-6.1	J434	Y	DP15
J434a	DP15-plate1-6.1	J434a	Y	DP15
J434b	DP15-plate1-6.1	J434b	Y	DP15
J435	DP15-plate1-6.1	J435	Y	DP15
J435a	DP15-plate1-6.1	J435a	Y	DP15
J435b	DP15-plate1-6.1	J435b	Y	DP15
J435c	DP15-plate1-6.1	J435c	Y	DP15
J435d	DP15-plate1-6.1	J435d	Y	DP15
J435e	DP15-plate1-6.1	J435e	Y	DP15
J435f	DP15-plate1-6.1	J435f	Y	DP15
J435g	DP15-plate1-6.1	J435g	Y	DP15
J435h	DP15-plate1-6.1	J435h	Y	DP15
J435i	DP15-plate1-6.1	J435i	Y	DP15
J436	DP15-plate1-6.1	J436	Y	DP15
J436a	DP15-plate1-6.1	J436a	Y	DP15
J436b	DP15-plate1-6.1	J436b	Y	DP15
J436c	DP15-plate1-6.1	J436c	Y	DP15
J436c-rep	DP15-plate1-6.1	J436c	Y	DP15
J436d	DP15-plate1-6.1	J436d	Y	DP15
J436e	DP15-plate1-6.1	J436e	Y	DP15
J436f	DP15-plate1-6.1	J436f	Y	DP15
J436g	DP15-plate1-6.1	J436g	Y	DP15
J436h	DP15-plate1-6.1	J436h	Y	DP15
J436i	DP15-plate1-6.1	J436i	Y	DP15
J437	DP15-plate1-6.1	J437	Y	DP15
J438	DP15-plate1-6.1	J438	Y	DP15
M1c	DP15-plate1-6.1	MelMosaic	Y	DP15
M2a	DP15-plate1-6.1	MelMosaic	Y	DP15
M2b	DP15-plate1-6.1	MelMosaic	Y	DP15
NAL05	DP15-plate1-6.1	NAL05	Y	DP15
NBJ30	DP15-plate1-6.1	NBJ30	Y	DP15
NCD30	DP15-plate1-6.1	NCD30	Y	DP15
NCR13	DP15-plate1-6.1	NCR13	Y	DP15
NDU10	DP15-plate1-6.1	NDU10	Y	DP15
NE4583	DP15-plate1-6.1	NE4583	Y	DP15
NE10467	DP15-plate1-6.1	NE10467	Y	DP15
NE25923	DP15-plate1-6.1	NE25923	Y	DP15
NE25953	DP15-plate1-6.1	NE25953	Y	DP15
NE35955	DP15-plate1-6.1	NE35955	Y	DP15
NE35959	DP15-plate1-6.1	NE35959	Y	DP15
NE36811	DP15-plate1-6.1	NE36811	Y	DP15
NE37169	DP15-plate1-6.1	NE37169	Y	DP15
NE37647	DP15-plate1-6.1	NE37647	Y	DP15
NE67754	DP15-plate1-6.1	NE67754	Y	DP15
NE90535	DP15-plate1-6.1	NE90535	Y	DP15
RA1006	DP15-plate1-6.1	RA1006	Y	DP15
RA1007	DP15-plate1-6.1	RA1007	Y	DP15
TLC715	DP15-plate1-6.1	TLC715	Y	DP15
TLC720	DP15-plate1-6.1	TLC720	Y	DP15
TLC725	DP15-plate1-6.1	TLC725	Y	DP15
TLC726	DP15-plate1-6.1	TLC726	Y	DP15
TLC775	DP15-plate1-6.1	TLC775	Y	DP15
VMA18	DP15-plate1-6.1	VMA18	Y	DP15
VWG14	DP15-plate1-6.1	VWG14	Y	DP15
FDK10	DP15-plate1-6.2	FDK10	Y	DP15
GH1	DP15-plate1-6.2	GH1	Y	DP15
GH2	DP15-plate1-6.2	GH2	Y	DP15
J293	DP15-plate1-6.2	J293	Y	DP15
J294	DP15-plate1-6.2	J294	Y	DP15
J295	DP15-plate1-6.2	J295	Y	DP15
J295rep	DP15-plate1-6.2	J295	Y	DP15
J296	DP15-plate1-6.2	J296	Y	DP15
J298	DP15-plate1-6.2	J298	Y	DP15
J300	DP15-plate1-6.2	J300	Y	DP15
J301	DP15-plate1-6.2	J301	Y	DP15
J302	DP15-plate1-6.2	J302	Y	DP15
J303	DP15-plate1-6.2	J303	Y	DP15
J304	DP15-plate1-6.2	J304	Y	DP15
J307	DP15-plate1-6.2	J307	Y	DP15
J310	DP15-plate1-6.2	J310	Y	DP15
J311	DP15-plate1-6.2	J311	Y	DP15
J312	DP15-plate1-6.2	J312	Y	DP15
J315	DP15-plate1-6.2	J315	Y	DP15
J316	DP15-plate1-6.2	J316	Y	DP15
J317	DP15-plate1-6.2	J317	Y	DP15
J318	DP15-plate1-6.2	J318	Y	DP15
J319	DP15-plate1-6.2	J319	Y	DP15
J320	DP15-plate1-6.2	J320	Y	DP15
J321g	DP15-plate1-6.2	J321g	Y	DP15
J322	DP15-plate1-6.2	J322	Y	DP15
J324	DP15-plate1-6.2	J324	Y	DP15
J326	DP15-plate1-6.2	J326	Y	DP15
J327	DP15-plate1-6.2	J327	Y	DP15
J328	DP15-plate1-6.2	J328	Y	DP15
J329	DP15-plate1-6.2	J329	Y	DP15
J330	DP15-plate1-6.2	J330	Y	DP15
J331	DP15-plate1-6.2	J331	Y	DP15
J333	DP15-plate1-6.2	J333	Y	DP15
J333_plus	DP15-plate1-6.2	J333	Y	DP15
J333a	DP15-plate1-6.2	J333a	Y	DP15
J334	DP15-plate1-6.2	J334	Y	DP15
J335	DP15-plate1-6.2	J335	Y	DP15
J338	DP15-plate1-6.2	J338	Y	DP15
J339	DP15-plate1-6.2	J339	Y	DP15
J340	DP15-plate1-6.2	J340	Y	DP15
J341	DP15-plate1-6.2	J341	Y	DP15
J341a	DP15-plate1-6.2	J341a	Y	DP15
J341b	DP15-plate1-6.2	J341b	Y	DP15
J341c	DP15-plate1-6.2	J341c	Y	DP15
J341d	DP15-plate1-6.2	J341d	Y	DP15
J342	DP15-plate1-6.2	J342	Y	DP15
J342a	DP15-plate1-6.2	J342a	Y	DP15
J342arep	DP15-plate1-6.2	J342a	Y	DP15
J342b	DP15-plate1-6.2	J342b	Y	DP15
J342c	DP15-plate1-6.2	J342c	Y	DP15
J342d	DP15-plate1-6.2	J342d	Y	DP15
J343	DP15-plate1-6.2	J343	Y	DP15
J344	DP15-plate1-6.2	J344	Y	DP15
J345	DP15-plate1-6.2	J345	Y	DP15
J345_plus	DP15-plate1-6.2	J345	Y	DP15
J345a	DP15-plate1-6.2	J345a	Y	DP15
J345d	DP15-plate1-6.2	J345d	Y	DP15
J346	DP15-plate1-6.2	J346	Y	DP15
J347	DP15-plate1-6.2	J347	Y	DP15
J348	DP15-plate1-6.2	J348	Y	DP15
J349	DP15-plate1-6.2	J349	Y	DP15
J349a	DP15-plate1-6.2	J349a	Y	DP15
J349b	DP15-plate1-6.2	J349b	Y	DP15
J349d	DP15-plate1-6.2	J349d	Y	DP15
J349e	DP15-plate1-6.2	J349e	Y	DP15
J349f	DP15-plate1-6.2	J349f	Y	DP15
J349g	DP15-plate1-6.2	J349g	Y	DP15
J349h	DP15-plate1-6.2	J349h	Y	DP15
J349i	DP15-plate1-6.2	J349i	Y	DP15
J349j	DP15-plate1-6.2	J349j	Y	DP15
J350	DP15-plate1-6.2	J350	Y	DP15
J350a	DP15-plate1-6.2	J350a	Y	DP15
J350b	DP15-plate1-6.2	J350b	Y	DP15
J350c	DP15-plate1-6.2	J350c	Y	DP15
J350d	DP15-plate1-6.2	J350d	Y	DP15
J350e	DP15-plate1-6.2	J350e	Y	DP15
J350f	DP15-plate1-6.2	J350f	Y	DP15
J350g	DP15-plate1-6.2	J350g	Y	DP15
J350h	DP15-plate1-6.2	J350h	Y	DP15
J350i	DP15-plate1-6.2	J350i	Y	DP15
J351	DP15-plate1-6.2	J351	Y	DP15
J351_plus	DP15-plate1-6.2	J351	Y	DP15
J352	DP15-plate1-6.2	J352	Y	DP15
J352a	DP15-plate1-6.2	J352a	Y	DP15
J352b	DP15-plate1-6.2	J352b	Y	DP15
J352c	DP15-plate1-6.2	J352c	Y	DP15
J352d	DP15-plate1-6.2	J352d	Y	DP15
J352e	DP15-plate1-6.2	J352e	Y	DP15
J352f	DP15-plate1-6.2	J352f	Y	DP15
J352g	DP15-plate1-6.2	J352g	Y	DP15
J352h	DP15-plate1-6.2	J352h	Y	DP15
J352i	DP15-plate1-6.2	J352i	Y	DP15
J353	DP15-plate1-6.2	J353	Y	DP15
J354	DP15-plate1-6.2	J354	Y	DP15
J355	DP15-plate1-6.2	J355	Y	DP15
J355a	DP15-plate1-6.2	J355a	Y	DP15
J355b	DP15-plate1-6.2	J355b	Y	DP15
J355c	DP15-plate1-6.2	J355c	Y	DP15
J355d	DP15-plate1-6.2	J355d	Y	DP15
J355e	DP15-plate1-6.2	J355e	Y	DP15
J355f	DP15-plate1-6.2	J355f	Y	DP15
J355g	DP15-plate1-6.2	J355g	Y	DP15
J357	DP15-plate1-6.2	J357	Y	DP15
J358	DP15-plate1-6.2	J358	Y	DP15
J359	DP15-plate1-6.2	J359	Y	DP15
J359a	DP15-plate1-6.2	J359a	Y	DP15
J359b	DP15-plate1-6.2	J359b	Y	DP15
J359c	DP15-plate1-6.2	J359c	Y	DP15
J359d	DP15-plate1-6.2	J359d	Y	DP15
J359e	DP15-plate1-6.2	J359e	Y	DP15
J359g	DP15-plate1-6.2	J359g	Y	DP15
J359h	DP15-plate1-6.2	J359h	Y	DP15
J359i	DP15-plate1-6.2	J359i	Y	DP15
J360	DP15-plate1-6.2	J360	Y	DP15
J361	DP15-plate1-6.2	J361	Y	DP15
J361a	DP15-plate1-6.2	J361a	Y	DP15
J361b	DP15-plate1-6.2	J361b	Y	DP15
J361c	DP15-plate1-6.2	J361c	Y	DP15
J361d	DP15-plate1-6.2	J361d	Y	DP15
J361e	DP15-plate1-6.2	J361e	Y	DP15
J361f	DP15-plate1-6.2	J361f	Y	DP15
J361g	DP15-plate1-6.2	J361g	Y	DP15
J361h	DP15-plate1-6.2	J361h	Y	DP15
J361i	DP15-plate1-6.2	J361i	Y	DP15
J362	DP15-plate1-6.2	J362	Y	DP15
J362_young	DP15-plate1-6.2	J362	Y	DP15
J362a	DP15-plate1-6.2	J362a	Y	DP15
J362b	DP15-plate1-6.2	J362b	Y	DP15
J363	DP15-plate1-6.2	J363	Y	DP15
J363_plus	DP15-plate1-6.2	J363	Y	DP15
J364	DP15-plate1-6.2	J364	Y	DP15
J365	DP15-plate1-6.2	J365	Y	DP15
J366	DP15-plate1-6.2	J366	Y	DP15
J366_plus	DP15-plate1-6.2	J366	Y	DP15
J367	DP15-plate1-6.2	J367	Y	DP15
J367a	DP15-plate1-6.2	J367a	Y	DP15
J367b	DP15-plate1-6.2	J367b	Y	DP15
J367c	DP15-plate1-6.2	J367c	Y	DP15
J367d	DP15-plate1-6.2	J367d	Y	DP15
J367e	DP15-plate1-6.2	J367e	Y	DP15
J367f	DP15-plate1-6.2	J367f	Y	DP15
J367g	DP15-plate1-6.2	J367g	Y	DP15
J367h	DP15-plate1-6.2	J367h	Y	DP15
J367i	DP15-plate1-6.2	J367i	Y	DP15
J368	DP15-plate1-6.2	J368	Y	DP15
J369	DP15-plate1-6.2	J369	Y	DP15
J370	DP15-plate1-6.2	J370	Y	DP15
J371	DP15-plate1-6.2	J371	Y	DP15
J372	DP15-plate1-6.2	J372	Y	DP15
J373	DP15-plate1-6.2	J373	Y	DP15
J374	DP15-plate1-6.2	J374	Y	DP15
J374a	DP15-plate1-6.2	J374a	Y	DP15
J374b	DP15-plate1-6.2	J374b	Y	DP15
J374c	DP15-plate1-6.2	J374c	Y	DP15
J374d	DP15-plate1-6.2	J374d	Y	DP15
J374e	DP15-plate1-6.2	J374e	Y	DP15
J374f	DP15-plate1-6.2	J374f	Y	DP15
J374g	DP15-plate1-6.2	J374g	Y	DP15
J374h	DP15-plate1-6.2	J374h	Y	DP15
J374i	DP15-plate1-6.2	J374i	Y	DP15
J375	DP15-plate1-6.2	J375	Y	DP15
J375rep1	DP15-plate1-6.2	J375	Y	DP15
J376	DP15-plate1-6.2	J376	Y	DP15
J376a	DP15-plate1-6.2	J376a	Y	DP15
J376arep	DP15-plate1-6.2	J376a	Y	DP15
J376b	DP15-plate1-6.2	J376b	Y	DP15
J376c	DP15-plate1-6.2	J376c	Y	DP15
J376d	DP15-plate1-6.2	J376d	Y	DP15
J376e	DP15-plate1-6.2	J376e	Y	DP15
J376f	DP15-plate1-6.2	J376f	Y	DP15
J376g	DP15-plate1-6.2	J376g	Y	DP15
J376h	DP15-plate1-6.2	J376h	Y	DP15
J376i	DP15-plate1-6.2	J376i	Y	DP15
J377	DP15-plate1-6.2	J377	Y	DP15
J377a	DP15-plate1-6.2	J377a	Y	DP15
J377b	DP15-plate1-6.2	J377b	Y	DP15
J377c	DP15-plate1-6.2	J377c	Y	DP15
J377d	DP15-plate1-6.2	J377d	Y	DP15
J377e	DP15-plate1-6.2	J377e	Y	DP15
J377erep	DP15-plate1-6.2	J377e	Y	DP15
J377g	DP15-plate1-6.2	J377g	Y	DP15
J377h	DP15-plate1-6.2	J377h	Y	DP15
J377i	DP15-plate1-6.2	J377i	Y	DP15
J379	DP15-plate1-6.2	J379	Y	DP15
J381	DP15-plate1-6.2	J381	Y	DP15
J382a	DP15-plate1-6.2	J382a	Y	DP15
J382b	DP15-plate1-6.2	J382b	Y	DP15
J382c	DP15-plate1-6.2	J382c	Y	DP15
J382d	DP15-plate1-6.2	J382d	Y	DP15
J382e	DP15-plate1-6.2	J382e	Y	DP15
J382f	DP15-plate1-6.2	J382f	Y	DP15
J382g	DP15-plate1-6.2	J382g	Y	DP15
J382h	DP15-plate1-6.2	J382h	Y	DP15
J382i	DP15-plate1-6.2	J382i	Y	DP15
J383	DP15-plate1-6.2	J383	Y	DP15
J385	DP15-plate1-6.2	J385	Y	DP15
J385rep	DP15-plate1-6.2	J385	Y	DP15
J385a	DP15-plate1-6.2	J385a	Y	DP15
J385b	DP15-plate1-6.2	J385b	Y	DP15
J385c	DP15-plate1-6.2	J385c	Y	DP15
J385d	DP15-plate1-6.2	J385d	Y	DP15
J385e	DP15-plate1-6.2	J385e	Y	DP15
J385f	DP15-plate1-6.2	J385f	Y	DP15
J385g	DP15-plate1-6.2	J385g	Y	DP15
J385h	DP15-plate1-6.2	J385h	Y	DP15
J385i	DP15-plate1-6.2	J385i	Y	DP15
J386	DP15-plate1-6.2	J386	Y	DP15
J386a	DP15-plate1-6.2	J386a	Y	DP15
J386b	DP15-plate1-6.2	J386b	Y	DP15
J386c	DP15-plate1-6.2	J386c	Y	DP15
J386d	DP15-plate1-6.2	J386d	Y	DP15
J386e	DP15-plate1-6.2	J386e	Y	DP15
J386f	DP15-plate1-6.2	J386f	Y	DP15
J386g	DP15-plate1-6.2	J386g	Y	DP15
J386h	DP15-plate1-6.2	J386h	Y	DP15
J386i	DP15-plate1-6.2	J386i	Y	DP15
J387	DP15-plate1-6.2	J387	Y	DP15
J387a	DP15-plate1-6.2	J387a	Y	DP15
J387b	DP15-plate1-6.2	J387b	Y	DP15
J387c	DP15-plate1-6.2	J387c	Y	DP15
J387d	DP15-plate1-6.2	J387d	Y	DP15
J387e	DP15-plate1-6.2	J387e	Y	DP15
J387f	DP15-plate1-6.2	J387f	Y	DP15
J387g	DP15-plate1-6.2	J387g	Y	DP15
J387h	DP15-plate1-6.2	J387h	Y	DP15
J387i	DP15-plate1-6.2	J387i	Y	DP15
J388	DP15-plate1-6.2	J388	Y	DP15
J388a	DP15-plate1-6.2	J388a	Y	DP15
J388b	DP15-plate1-6.2	J388b	Y	DP15
J388c	DP15-plate1-6.2	J388c	Y	DP15
J388d	DP15-plate1-6.2	J388d	Y	DP15
J388e	DP15-plate1-6.2	J388e	Y	DP15
J388f	DP15-plate1-6.2	J388f	Y	DP15
J388g	DP15-plate1-6.2	J388g	Y	DP15
J388h	DP15-plate1-6.2	J388h	Y	DP15
J388i	DP15-plate1-6.2	J388i	Y	DP15
J389	DP15-plate1-6.2	J389	Y	DP15
J390	DP15-plate1-6.2	J390	Y	DP15
J390a	DP15-plate1-6.2	J390a	Y	DP15
J390arep	DP15-plate1-6.2	J390a	Y	DP15
J390b	DP15-plate1-6.2	J390b	Y	DP15
J392	DP15-plate1-6.2	J392	Y	DP15
J393	DP15-plate1-6.2	J393	Y	DP15
J393a	DP15-plate1-6.2	J393a	Y	DP15
J393b	DP15-plate1-6.2	J393b	Y	DP15
J393c	DP15-plate1-6.2	J393c	Y	DP15
J393d	DP15-plate1-6.2	J393d	Y	DP15
J393e	DP15-plate1-6.2	J393e	Y	DP15
J393f	DP15-plate1-6.2	J393f	Y	DP15
J393g	DP15-plate1-6.2	J393g	Y	DP15
J393h	DP15-plate1-6.2	J393h	Y	DP15
J393i	DP15-plate1-6.2	J393i	Y	DP15
J394	DP15-plate1-6.2	J394	Y	DP15
J394a	DP15-plate1-6.2	J394a	Y	DP15
J394b	DP15-plate1-6.2	J394b	Y	DP15
J394c	DP15-plate1-6.2	J394c	Y	DP15
J394d	DP15-plate1-6.2	J394d	Y	DP15
J394e	DP15-plate1-6.2	J394e	Y	DP15
J394f	DP15-plate1-6.2	J394f	Y	DP15
J394g	DP15-plate1-6.2	J394g	Y	DP15
J395	DP15-plate1-6.2	J395	Y	DP15
J395A	DP15-plate1-6.2	J395a	Y	DP15
J395B	DP15-plate1-6.2	J395b	Y	DP15
J395C	DP15-plate1-6.2	J395c	Y	DP15
J395D	DP15-plate1-6.2	J395d	Y	DP15
J395E	DP15-plate1-6.2	J395e	Y	DP15
J395H	DP15-plate1-6.2	J395h	Y	DP15
J397	DP15-plate1-6.2	J397	Y	DP15
J398	DP15-plate1-6.2	J398	Y	DP15
J399	DP15-plate1-6.2	J399	Y	DP15
J400	DP15-plate1-6.2	J400	Y	DP15
J401	DP15-plate1-6.2	J401	Y	DP15
J401a	DP15-plate1-6.2	J401a	Y	DP15
J401b	DP15-plate1-6.2	J401b	Y	DP15
J401c	DP15-plate1-6.2	J401c	Y	DP15
J401d	DP15-plate1-6.2	J401d	Y	DP15
J401e	DP15-plate1-6.2	J401e	Y	DP15
J401f	DP15-plate1-6.2	J401f	Y	DP15
J401g	DP15-plate1-6.2	J401g	Y	DP15
J401h	DP15-plate1-6.2	J401h	Y	DP15
J402	DP15-plate1-6.2	J402	Y	DP15
J403	DP15-plate1-6.2	J403	Y	DP15
J404	DP15-plate1-6.2	J404	Y	DP15
J405	DP15-plate1-6.2	J405	Y	DP15
J405a	DP15-plate1-6.2	J405a	Y	DP15
J405b	DP15-plate1-6.2	J405b	Y	DP15
J405c	DP15-plate1-6.2	J405c	Y	DP15
J405d	DP15-plate1-6.2	J405d	Y	DP15
J405e	DP15-plate1-6.2	J405e	Y	DP15
J405f	DP15-plate1-6.2	J405f	Y	DP15
J405g	DP15-plate1-6.2	J405g	Y	DP15
J405h	DP15-plate1-6.2	J405h	Y	DP15
J405i	DP15-plate1-6.2	J405i	Y	DP15
J406	DP15-plate1-6.2	J406	Y	DP15
J406a	DP15-plate1-6.2	J406a	Y	DP15
J406b	DP15-plate1-6.2	J406b	Y	DP15
J406c	DP15-plate1-6.2	J406c	Y	DP15
J406d	DP15-plate1-6.2	J406d	Y	DP15
J406e	DP15-plate1-6.2	J406e	Y	DP15
J406f	DP15-plate1-6.2	J406f	Y	DP15
J406g	DP15-plate1-6.2	J406g	Y	DP15
J406h	DP15-plate1-6.2	J406h	Y	DP15
J406i	DP15-plate1-6.2	J406i	Y	DP15
J407	DP15-plate1-6.2	J407	Y	DP15
J408	DP15-plate1-6.2	J408	Y	DP15
J411	DP15-plate1-6.2	J411	Y	DP15
J412	DP15-plate1-6.2	J412	Y	DP15
J413	DP15-plate1-6.2	J413	Y	DP15
J413a	DP15-plate1-6.2	J413a	Y	DP15
J413c	DP15-plate1-6.2	J413c	Y	DP15
J413f	DP15-plate1-6.2	J413f	Y	DP15
J414	DP15-plate1-6.2	J414	Y	DP15
J414a	DP15-plate1-6.2	J414a	Y	DP15
J414b	DP15-plate1-6.2	J414b	Y	DP15
J414c	DP15-plate1-6.2	J414c	Y	DP15
J416	DP15-plate1-6.2	J416	Y	DP15
J416a	DP15-plate1-6.2	J416a	Y	DP15
J416b	DP15-plate1-6.2	J416b	Y	DP15
J416c	DP15-plate1-6.2	J416c	Y	DP15
J416d	DP15-plate1-6.2	J416d	Y	DP15
J416e	DP15-plate1-6.2	J416e	Y	DP15
J416f	DP15-plate1-6.2	J416f	Y	DP15
J416g	DP15-plate1-6.2	J416g	Y	DP15
J416h	DP15-plate1-6.2	J416h	Y	DP15
J416i	DP15-plate1-6.2	J416i	Y	DP15
J417	DP15-plate1-6.2	J417	Y	DP15
J418	DP15-plate1-6.2	J418	Y	DP15
J418a	DP15-plate1-6.2	J418a	Y	DP15
J418b	DP15-plate1-6.2	J418b	Y	DP15
J418c	DP15-plate1-6.2	J418c	Y	DP15
J418e	DP15-plate1-6.2	J418e	Y	DP15
J418g	DP15-plate1-6.2	J418g	Y	DP15
J418h	DP15-plate1-6.2	J418h	Y	DP15
J418i	DP15-plate1-6.2	J418i	Y	DP15
J419	DP15-plate1-6.2	J419	Y	DP15
J419a	DP15-plate1-6.2	J419a	Y	DP15
J419b	DP15-plate1-6.2	J419b	Y	DP15
J419c	DP15-plate1-6.2	J419c	Y	DP15
J419d	DP15-plate1-6.2	J419d	Y	DP15
J419e	DP15-plate1-6.2	J419e	Y	DP15
J419f	DP15-plate1-6.2	J419f	Y	DP15
J419g	DP15-plate1-6.2	J419g	Y	DP15
J419h	DP15-plate1-6.2	J419h	Y	DP15
J419i	DP15-plate1-6.2	J419i	Y	DP15
J420	DP15-plate1-6.2	J420	Y	DP15
J421	DP15-plate1-6.2	J421	Y	DP15
J421b	DP15-plate1-6.2	J421b	Y	DP15
J422	DP15-plate1-6.2	J422	Y	DP15
J422a	DP15-plate1-6.2	J422a	Y	DP15
J422c	DP15-plate1-6.2	J422c	Y	DP15
J422e	DP15-plate1-6.2	J422e	Y	DP15
J422erep	DP15-plate1-6.2	J422e	Y	DP15
J422f	DP15-plate1-6.2	J422f	Y	DP15
J422g	DP15-plate1-6.2	J422g	Y	DP15
J423	DP15-plate1-6.2	J423	Y	DP15
J424	DP15-plate1-6.2	J424	Y	DP15
J424a	DP15-plate1-6.2	J424a	Y	DP15
J424b	DP15-plate1-6.2	J424b	Y	DP15
J424c	DP15-plate1-6.2	J424c	Y	DP15
J424d	DP15-plate1-6.2	J424d	Y	DP15
J424e	DP15-plate1-6.2	J424e	Y	DP15
J424f	DP15-plate1-6.2	J424f	Y	DP15
J424g	DP15-plate1-6.2	J424g	Y	DP15
J425	DP15-plate1-6.2	J425	Y	DP15
J425a	DP15-plate1-6.2	J425a	Y	DP15
J425b	DP15-plate1-6.2	J425b	Y	DP15
J425c	DP15-plate1-6.2	J425c	Y	DP15
J425d	DP15-plate1-6.2	J425d	Y	DP15
J425e	DP15-plate1-6.2	J425e	Y	DP15
J425f	DP15-plate1-6.2	J425f	Y	DP15
J425g	DP15-plate1-6.2	J425g	Y	DP15
J425h	DP15-plate1-6.2	J425h	Y	DP15
J425i	DP15-plate1-6.2	J425i	Y	DP15
J426	DP15-plate1-6.2	J426	Y	DP15
J426a	DP15-plate1-6.2	J426a	Y	DP15
J426b	DP15-plate1-6.2	J426b	Y	DP15
J426c	DP15-plate1-6.2	J426c	Y	DP15
J426d	DP15-plate1-6.2	J426d	Y	DP15
J426f	DP15-plate1-6.2	J426f	Y	DP15
J426g	DP15-plate1-6.2	J426g	Y	DP15
J426h	DP15-plate1-6.2	J426h	Y	DP15
J426i	DP15-plate1-6.2	J426i	Y	DP15
J427	DP15-plate1-6.2	J427	Y	DP15
J427a	DP15-plate1-6.2	J427a	Y	DP15
J428	DP15-plate1-6.2	J428	Y	DP15
J428a	DP15-plate1-6.2	J428a	Y	DP15
J428b	DP15-plate1-6.2	J428b	Y	DP15
J428c	DP15-plate1-6.2	J428c	Y	DP15
J428d	DP15-plate1-6.2	J428d	Y	DP15
J428e	DP15-plate1-6.2	J428e	Y	DP15
J428f	DP15-plate1-6.2	J428f	Y	DP15
J428g	DP15-plate1-6.2	J428g	Y	DP15
J428h	DP15-plate1-6.2	J428h	Y	DP15
J428i	DP15-plate1-6.2	J428i	Y	DP15
J429	DP15-plate1-6.2	J429	Y	DP15
J429a	DP15-plate1-6.2	J429a	Y	DP15
J429b	DP15-plate1-6.2	J429b	Y	DP15
J429c	DP15-plate1-6.2	J429c	Y	DP15
J429d	DP15-plate1-6.2	J429d	Y	DP15
J429e	DP15-plate1-6.2	J429e	Y	DP15
J429f	DP15-plate1-6.2	J429f	Y	DP15
J429g	DP15-plate1-6.2	J429g	Y	DP15
J429h	DP15-plate1-6.2	J429h	Y	DP15
J429i	DP15-plate1-6.2	J429i	Y	DP15
J430	DP15-plate1-6.2	J430	Y	DP15
J430a	DP15-plate1-6.2	J430a	Y	DP15
J430arep	DP15-plate1-6.2	J430a	Y	DP15
J430b	DP15-plate1-6.2	J430b	Y	DP15
J430c	DP15-plate1-6.2	J430c	Y	DP15
J430d	DP15-plate1-6.2	J430d	Y	DP15
J430e	DP15-plate1-6.2	J430e	Y	DP15
J430f	DP15-plate1-6.2	J430f	Y	DP15
J430g	DP15-plate1-6.2	J430g	Y	DP15
J430h	DP15-plate1-6.2	J430h	Y	DP15
J430i	DP15-plate1-6.2	J430i	Y	DP15
J431	DP15-plate1-6.2	J431	Y	DP15
J432	DP15-plate1-6.2	J432	Y	DP15
J433	DP15-plate1-6.2	J433	Y	DP15
J433a	DP15-plate1-6.2	J433a	Y	DP15
J433b	DP15-plate1-6.2	J433b	Y	DP15
J433c	DP15-plate1-6.2	J433c	Y	DP15
J433d	DP15-plate1-6.2	J433d	Y	DP15
J433e	DP15-plate1-6.2	J433e	Y	DP15
J433f	DP15-plate1-6.2	J433f	Y	DP15
J433g	DP15-plate1-6.2	J433g	Y	DP15
J433h	DP15-plate1-6.2	J433h	Y	DP15
J434	DP15-plate1-6.2	J434	Y	DP15
J434a	DP15-plate1-6.2	J434a	Y	DP15
J434b	DP15-plate1-6.2	J434b	Y	DP15
J435	DP15-plate1-6.2	J435	Y	DP15
J435a	DP15-plate1-6.2	J435a	Y	DP15
J435b	DP15-plate1-6.2	J435b	Y	DP15
J435c	DP15-plate1-6.2	J435c	Y	DP15
J435d	DP15-plate1-6.2	J435d	Y	DP15
J435e	DP15-plate1-6.2	J435e	Y	DP15
J435f	DP15-plate1-6.2	J435f	Y	DP15
J435g	DP15-plate1-6.2	J435g	Y	DP15
J435h	DP15-plate1-6.2	J435h	Y	DP15
J435i	DP15-plate1-6.2	J435i	Y	DP15
J436	DP15-plate1-6.2	J436	Y	DP15
J436a	DP15-plate1-6.2	J436a	Y	DP15
J436b	DP15-plate1-6.2	J436b	Y	DP15
J436c	DP15-plate1-6.2	J436c	Y	DP15
J436crep	DP15-plate1-6.2	J436c	Y	DP15
J436d	DP15-plate1-6.2	J436d	Y	DP15
J436e	DP15-plate1-6.2	J436e	Y	DP15
J436f	DP15-plate1-6.2	J436f	Y	DP15
J436g	DP15-plate1-6.2	J436g	Y	DP15
J436h	DP15-plate1-6.2	J436h	Y	DP15
J436i	DP15-plate1-6.2	J436i	Y	DP15
J437	DP15-plate1-6.2	J437	Y	DP15
J438	DP15-plate1-6.2	J438	Y	DP15
M1c	DP15-plate1-6.2	MelMosaic	Y	DP15
M2a	DP15-plate1-6.2	MelMosaic	Y	DP15
M2b	DP15-plate1-6.2	MelMosaic	Y	DP15
NAL05	DP15-plate1-6.2	NAL05	Y	DP15
NBJ30	DP15-plate1-6.2	NBJ30	Y	DP15
NCD30	DP15-plate1-6.2	NCD30	Y	DP15
NCR13	DP15-plate1-6.2	NCR13	Y	DP15
NDU10	DP15-plate1-6.2	NDU10	Y	DP15
NE4583	DP15-plate1-6.2	NE4583	Y	DP15
NE10467	DP15-plate1-6.2	NE10467	Y	DP15
NE25923	DP15-plate1-6.2	NE25923	Y	DP15
NE25953	DP15-plate1-6.2	NE25953	Y	DP15
NE35955	DP15-plate1-6.2	NE35955	Y	DP15
NE35959	DP15-plate1-6.2	NE35959	Y	DP15
NE36811	DP15-plate1-6.2	NE36811	Y	DP15
NE37169	DP15-plate1-6.2	NE37169	Y	DP15
NE37647	DP15-plate1-6.2	NE37647	Y	DP15
NE67754	DP15-plate1-6.2	NE67754	Y	DP15
NE90535	DP15-plate1-6.2	NE90535	Y	DP15
RA1006	DP15-plate1-6.2	RA1006	Y	DP15
RA1007	DP15-plate1-6.2	RA1007	Y	DP15
TLC715	DP15-plate1-6.2	TLC715	Y	DP15
TLC720	DP15-plate1-6.2	TLC720	Y	DP15
TLC725	DP15-plate1-6.2	TLC725	Y	DP15
TLC726	DP15-plate1-6.2	TLC726	Y	DP15
TLC775	DP15-plate1-6.2	TLC775	Y	DP15
VMA18	DP15-plate1-6.2	VMA18	Y	DP15
VWG14	DP15-plate1-6.2	VWG14	Y	DP15
FDK10-NextRAD	DP15-plate1.1	FDK10	Y	DP15
FDK10-WGS	DP15-plate1.1	FDK10	Y	DP15
J294-NextRAD	DP15-plate1.1	J294	Y	DP15
J294-WGS	DP15-plate1.1	J294	Y	DP15
J296-NextRAD	DP15-plate1.1	J296	Y	DP15
J296-WGS	DP15-plate1.1	J296	Y	DP15
J298-NextRAD	DP15-plate1.1	J298	Y	DP15
J298-WGS	DP15-plate1.1	J298	Y	DP15
J301-NextRAD	DP15-plate1.1	J301	Y	DP15
J301-WGS	DP15-plate1.1	J301	Y	DP15
J303-NextRAD	DP15-plate1.1	J303	Y	DP15
J303-WGS	DP15-plate1.1	J303	Y	DP15
J307-NextRAD	DP15-plate1.1	J307	Y	DP15
J307-WGS	DP15-plate1.1	J307	Y	DP15
J310-NextRAD	DP15-plate1.1	J310	Y	DP15
J310-WGS	DP15-plate1.1	J310	Y	DP15
J311-NextRAD	DP15-plate1.1	J311	Y	DP15
J311-WGS	DP15-plate1.1	J311	Y	DP15
J315-NextRAD	DP15-plate1.1	J315	Y	DP15
J315-WGS	DP15-plate1.1	J315	Y	DP15
J316-NextRAD	DP15-plate1.1	J316	Y	DP15
J316-WGS	DP15-plate1.1	J316	Y	DP15
J317-NextRAD	DP15-plate1.1	J317	Y	DP15
J317-WGS	DP15-plate1.1	J317	Y	DP15
J318-NextRAD	DP15-plate1.1	J318	Y	DP15
J318-WGS	DP15-plate1.1	J318	Y	DP15
J319-NextRAD	DP15-plate1.1	J319	Y	DP15
J319-WGS	DP15-plate1.1	J319	Y	DP15
J320-NextRAD	DP15-plate1.1	J320	Y	DP15
J320-WGS	DP15-plate1.1	J320	Y	DP15
J321g-NextRAD	DP15-plate1.1	J321g	Y	DP15
J321g-WGS	DP15-plate1.1	J321g	Y	DP15
J322-NextRAD	DP15-plate1.1	J322	Y	DP15
J322-WGS	DP15-plate1.1	J322	Y	DP15
J324-NextRAD	DP15-plate1.1	J324	Y	DP15
J324-WGS	DP15-plate1.1	J324	Y	DP15
J326-NextRAD	DP15-plate1.1	J326	Y	DP15
J326-WGS	DP15-plate1.1	J326	Y	DP15
J327-NextRAD	DP15-plate1.1	J327	Y	DP15
J327-WGS	DP15-plate1.1	J327	Y	DP15
J328-NextRAD	DP15-plate1.1	J328	Y	DP15
J328-WGS	DP15-plate1.1	J328	Y	DP15
J329-NextRAD	DP15-plate1.1	J329	Y	DP15
J329-WGS	DP15-plate1.1	J329	Y	DP15
J330-NextRAD	DP15-plate1.1	J330	Y	DP15
J330-WGS	DP15-plate1.1	J330	Y	DP15
J331-NextRAD	DP15-plate1.1	J331	Y	DP15
J331-WGS	DP15-plate1.1	J331	Y	DP15
J333-NextRAD	DP15-plate1.1	J333	Y	DP15
J333-plus-NextRAD	DP15-plate1.1	J333	Y	DP15
J333-plus-WGS	DP15-plate1.1	J333	Y	DP15
J333-WGS	DP15-plate1.1	J333	Y	DP15
J334-NextRAD	DP15-plate1.1	J334	Y	DP15
J334-WGS	DP15-plate1.1	J334	Y	DP15
J335-NextRAD	DP15-plate1.1	J335	Y	DP15
J335-WGS	DP15-plate1.1	J335	Y	DP15
J338-NextRAD	DP15-plate1.1	J338	Y	DP15
J338-WGS	DP15-plate1.1	J338	Y	DP15
J339-NextRAD	DP15-plate1.1	J339	Y	DP15
J339-WGS	DP15-plate1.1	J339	Y	DP15
J340-NextRAD	DP15-plate1.1	J340	Y	DP15
J340-WGS	DP15-plate1.1	J340	Y	DP15
J341-NextRAD	DP15-plate1.1	J341	Y	DP15
J341-WGS	DP15-plate1.1	J341	Y	DP15
J342-NextRAD	DP15-plate1.1	J342	Y	DP15
J342-WGS	DP15-plate1.1	J342	Y	DP15
J343-NextRAD	DP15-plate1.1	J343	Y	DP15
J343-WGS	DP15-plate1.1	J343	Y	DP15
J344-NextRAD	DP15-plate1.1	J344	Y	DP15
J344-WGS	DP15-plate1.1	J344	Y	DP15
J345-NextRAD	DP15-plate1.1	J345	Y	DP15
J345-plus-NextRAD	DP15-plate1.1	J345	Y	DP15
J345-plus-WGS	DP15-plate1.1	J345	Y	DP15
J345-WGS	DP15-plate1.1	J345	Y	DP15
J346-NextRAD	DP15-plate1.1	J346	Y	DP15
J346-WGS	DP15-plate1.1	J346	Y	DP15
J347-NextRAD	DP15-plate1.1	J347	Y	DP15
J347-WGS	DP15-plate1.1	J347	Y	DP15
J348-NextRAD	DP15-plate1.1	J348	Y	DP15
J348-WGS	DP15-plate1.1	J348	Y	DP15
J349-NextRAD	DP15-plate1.1	J349	Y	DP15
J349-WGS	DP15-plate1.1	J349	Y	DP15
J350-NextRAD	DP15-plate1.1	J350	Y	DP15
J350-WGS	DP15-plate1.1	J350	Y	DP15
J351-NextRAD	DP15-plate1.1	J351	Y	DP15
J351-plus-NextRAD	DP15-plate1.1	J351	Y	DP15
J351-plus-WGS	DP15-plate1.1	J351	Y	DP15
J351-WGS	DP15-plate1.1	J351	Y	DP15
J352-NextRAD	DP15-plate1.1	J352	Y	DP15
J352-WGS	DP15-plate1.1	J352	Y	DP15
J353-NextRAD	DP15-plate1.1	J353	Y	DP15
J353-WGS	DP15-plate1.1	J353	Y	DP15
J354-NextRAD	DP15-plate1.1	J354	Y	DP15
J354-WGS	DP15-plate1.1	J354	Y	DP15
J355-NextRAD	DP15-plate1.1	J355	Y	DP15
J355-WGS	DP15-plate1.1	J355	Y	DP15
J355b-NextRAD	DP15-plate1.1	J355b	Y	DP15
J355b-WGS	DP15-plate1.1	J355b	Y	DP15
J357-NextRAD	DP15-plate1.1	J357	Y	DP15
J357-WGS	DP15-plate1.1	J357	Y	DP15
J358-NextRAD	DP15-plate1.1	J358	Y	DP15
J358-WGS	DP15-plate1.1	J358	Y	DP15
J359-NextRAD	DP15-plate1.1	J359	Y	DP15
J359-WGS	DP15-plate1.1	J359	Y	DP15
J360-NextRAD	DP15-plate1.1	J360	Y	DP15
J360-WGS	DP15-plate1.1	J360	Y	DP15
J361-NextRAD	DP15-plate1.1	J361	Y	DP15
J361-WGS	DP15-plate1.1	J361	Y	DP15
J362-young-NextRAD	DP15-plate1.1	J362	Y	DP15
J362-young-WGS	DP15-plate1.1	J362	Y	DP15
J363-NextRAD	DP15-plate1.1	J363	Y	DP15
J363-plus-NextRAD	DP15-plate1.1	J363	Y	DP15
J363-plus-WGS	DP15-plate1.1	J363	Y	DP15
J363-WGS	DP15-plate1.1	J363	Y	DP15
J364-NextRAD	DP15-plate1.1	J364	Y	DP15
J364-WGS	DP15-plate1.1	J364	Y	DP15
J365-NextRAD	DP15-plate1.1	J365	Y	DP15
J365-WGS	DP15-plate1.1	J365	Y	DP15
J366-NextRAD	DP15-plate1.1	J366	Y	DP15
J366-plus-NextRAD	DP15-plate1.1	J366	Y	DP15
J366-plus-WGS	DP15-plate1.1	J366	Y	DP15
J366-WGS	DP15-plate1.1	J366	Y	DP15
J367-NextRAD	DP15-plate1.1	J367	Y	DP15
J367-WGS	DP15-plate1.1	J367	Y	DP15
J367i-NextRAD	DP15-plate1.1	J367i	Y	DP15
J367i-WGS	DP15-plate1.1	J367i	Y	DP15
J368-NextRAD	DP15-plate1.1	J368	Y	DP15
J368-WGS	DP15-plate1.1	J368	Y	DP15
J369-NextRAD	DP15-plate1.1	J369	Y	DP15
J369-WGS	DP15-plate1.1	J369	Y	DP15
J370-NextRAD	DP15-plate1.1	J370	Y	DP15
J370-WGS	DP15-plate1.1	J370	Y	DP15
J371-NextRAD	DP15-plate1.1	J371	Y	DP15
J371-WGS	DP15-plate1.1	J371	Y	DP15
J372-NextRAD	DP15-plate1.1	J372	Y	DP15
J372-WGS	DP15-plate1.1	J372	Y	DP15
J373-NextRAD	DP15-plate1.1	J373	Y	DP15
J373-WGS	DP15-plate1.1	J373	Y	DP15
J374-NextRAD	DP15-plate1.1	J374	Y	DP15
J374-WGS	DP15-plate1.1	J374	Y	DP15
J375-NextRAD	DP15-plate1.1	J375	Y	DP15
J375-WGS	DP15-plate1.1	J375	Y	DP15
J376-NextRAD	DP15-plate1.1	J376	Y	DP15
J376-WGS	DP15-plate1.1	J376	Y	DP15
J379-NextRAD	DP15-plate1.1	J379	Y	DP15
J379-WGS	DP15-plate1.1	J379	Y	DP15
J381-NextRAD	DP15-plate1.1	J381	Y	DP15
J381-WGS	DP15-plate1.1	J381	Y	DP15
J383-NextRAD	DP15-plate1.1	J383	Y	DP15
J383-WGS	DP15-plate1.1	J383	Y	DP15
J385-NextRAD	DP15-plate1.1	J385	Y	DP15
J385-WGS	DP15-plate1.1	J385	Y	DP15
J387-NextRAD	DP15-plate1.1	J387	Y	DP15
J387-WGS	DP15-plate1.1	J387	Y	DP15
J389-NextRAD	DP15-plate1.1	J389	Y	DP15
J389-WGS	DP15-plate1.1	J389	Y	DP15
J393-NextRAD	DP15-plate1.1	J393	Y	DP15
J393-WGS	DP15-plate1.1	J393	Y	DP15
J395-NextRAD	DP15-plate1.1	J395	Y	DP15
J395-WGS	DP15-plate1.1	J395	Y	DP15
J398-NextRAD	DP15-plate1.1	J398	Y	DP15
J398-WGS	DP15-plate1.1	J398	Y	DP15
NAL05-NextRAD	DP15-plate1.1	NAL05	Y	DP15
NAL05-WGS	DP15-plate1.1	NAL05	Y	DP15
NBJ30-NextRAD	DP15-plate1.1	NBJ30	Y	DP15
NBJ30-WGS	DP15-plate1.1	NBJ30	Y	DP15
NCD30-NextRAD	DP15-plate1.1	NCD30	Y	DP15
NCD30-WGS	DP15-plate1.1	NCD30	Y	DP15
NCR13-NextRAD	DP15-plate1.1	NCR13	Y	DP15
NCR13-WGS	DP15-plate1.1	NCR13	Y	DP15
NDU10-NextRAD	DP15-plate1.1	NDU10	Y	DP15
NDU10-WGS	DP15-plate1.1	NDU10	Y	DP15
RA1006-NextRAD	DP15-plate1.1	RA1006	Y	DP15
RA1006-WGS	DP15-plate1.1	RA1006	Y	DP15
TLC715-NextRAD	DP15-plate1.1	TLC715	Y	DP15
TLC715-WGS	DP15-plate1.1	TLC715	Y	DP15
TLC720-NextRAD	DP15-plate1.1	TLC720	Y	DP15
TLC720-WGS	DP15-plate1.1	TLC720	Y	DP15
TLC725-NextRAD	DP15-plate1.1	TLC725	Y	DP15
TLC725-WGS	DP15-plate1.1	TLC725	Y	DP15
TLC726-NextRAD	DP15-plate1.1	TLC726	Y	DP15
TLC726-WGS	DP15-plate1.1	TLC726	Y	DP15
TLC775-NextRAD	DP15-plate1.1	TLC775	Y	DP15
TLC775-WGS	DP15-plate1.1	TLC775	Y	DP15
VMA18-NextRAD	DP15-plate1.1	VMA18	Y	DP15
VMA18-WGS	DP15-plate1.1	VMA18	Y	DP15
VWG14-NextRAD	DP15-plate1.1	VWG14	Y	DP15
VWG14-WGS	DP15-plate1.1	VWG14	Y	DP15
FDK10-WGS	DP15-plate1.2	FDK10	Y	DP15
J294-WGS	DP15-plate1.2	J294	Y	DP15
J296-WGS	DP15-plate1.2	J296	Y	DP15
J298-WGS	DP15-plate1.2	J298	Y	DP15
J301-WGS	DP15-plate1.2	J301	Y	DP15
J303-WGS	DP15-plate1.2	J303	Y	DP15
J307-WGS	DP15-plate1.2	J307	Y	DP15
J310-WGS	DP15-plate1.2	J310	Y	DP15
J311-WGS	DP15-plate1.2	J311	Y	DP15
J315-WGS	DP15-plate1.2	J315	Y	DP15
J316-WGS	DP15-plate1.2	J316	Y	DP15
J317-WGS	DP15-plate1.2	J317	Y	DP15
J318-WGS	DP15-plate1.2	J318	Y	DP15
J319-WGS	DP15-plate1.2	J319	Y	DP15
J320-WGS	DP15-plate1.2	J320	Y	DP15
J321g-WGS	DP15-plate1.2	J321g	Y	DP15
J322-WGS	DP15-plate1.2	J322	Y	DP15
J324-WGS	DP15-plate1.2	J324	Y	DP15
J326-WGS	DP15-plate1.2	J326	Y	DP15
J327-WGS	DP15-plate1.2	J327	Y	DP15
J328-WGS	DP15-plate1.2	J328	Y	DP15
J329-WGS	DP15-plate1.2	J329	Y	DP15
J330-WGS	DP15-plate1.2	J330	Y	DP15
J331-WGS	DP15-plate1.2	J331	Y	DP15
J333-plus-WGS	DP15-plate1.2	J333	Y	DP15
J333-WGS	DP15-plate1.2	J333	Y	DP15
J334-WGS	DP15-plate1.2	J334	Y	DP15
J335-WGS	DP15-plate1.2	J335	Y	DP15
J338-WGS	DP15-plate1.2	J338	Y	DP15
J339-WGS	DP15-plate1.2	J339	Y	DP15
J340-WGS	DP15-plate1.2	J340	Y	DP15
J341-WGS	DP15-plate1.2	J341	Y	DP15
J342-WGS	DP15-plate1.2	J342	Y	DP15
J343-WGS	DP15-plate1.2	J343	Y	DP15
J344-WGS	DP15-plate1.2	J344	Y	DP15
J345-plus-WGS	DP15-plate1.2	J345	Y	DP15
J345-WGS	DP15-plate1.2	J345	Y	DP15
J346-WGS	DP15-plate1.2	J346	Y	DP15
J347-WGS	DP15-plate1.2	J347	Y	DP15
J348-WGS	DP15-plate1.2	J348	Y	DP15
J349-WGS	DP15-plate1.2	J349	Y	DP15
J350-WGS	DP15-plate1.2	J350	Y	DP15
J351-plus-WGS	DP15-plate1.2	J351	Y	DP15
J351-WGS	DP15-plate1.2	J351	Y	DP15
J352-WGS	DP15-plate1.2	J352	Y	DP15
J353-WGS	DP15-plate1.2	J353	Y	DP15
J354-WGS	DP15-plate1.2	J354	Y	DP15
J355-WGS	DP15-plate1.2	J355	Y	DP15
J355b-WGS	DP15-plate1.2	J355b	Y	DP15
J357-WGS	DP15-plate1.2	J357	Y	DP15
J358-WGS	DP15-plate1.2	J358	Y	DP15
J359-WGS	DP15-plate1.2	J359	Y	DP15
J360-WGS	DP15-plate1.2	J360	Y	DP15
J361-WGS	DP15-plate1.2	J361	Y	DP15
J362-young-WGS	DP15-plate1.2	J362	Y	DP15
J363-plus-WGS	DP15-plate1.2	J363	Y	DP15
J363-WGS	DP15-plate1.2	J363	Y	DP15
J364-WGS	DP15-plate1.2	J364	Y	DP15
J365-WGS	DP15-plate1.2	J365	Y	DP15
J366-plus-WGS	DP15-plate1.2	J366	Y	DP15
J366-WGS	DP15-plate1.2	J366	Y	DP15
J367-WGS	DP15-plate1.2	J367	Y	DP15
J367i-WGS	DP15-plate1.2	J367i	Y	DP15
J368-WGS	DP15-plate1.2	J368	Y	DP15
J369-WGS	DP15-plate1.2	J369	Y	DP15
J370-WGS	DP15-plate1.2	J370	Y	DP15
J371-WGS	DP15-plate1.2	J371	Y	DP15
J372-WGS	DP15-plate1.2	J372	Y	DP15
J373-WGS	DP15-plate1.2	J373	Y	DP15
J374-WGS	DP15-plate1.2	J374	Y	DP15
J375-WGS	DP15-plate1.2	J375	Y	DP15
J376-WGS	DP15-plate1.2	J376	Y	DP15
J379-WGS	DP15-plate1.2	J379	Y	DP15
J381-WGS	DP15-plate1.2	J381	Y	DP15
J383-WGS	DP15-plate1.2	J383	Y	DP15
J385-WGS	DP15-plate1.2	J385	Y	DP15
J387-WGS	DP15-plate1.2	J387	Y	DP15
J389-WGS	DP15-plate1.2	J389	Y	DP15
J393-WGS	DP15-plate1.2	J393	Y	DP15
J395-WGS	DP15-plate1.2	J395	Y	DP15
J398-WGS	DP15-plate1.2	J398	Y	DP15
NAL05-WGS	DP15-plate1.2	NAL05	Y	DP15
NBJ30-WGS	DP15-plate1.2	NBJ30	Y	DP15
NCD30-WGS	DP15-plate1.2	NCD30	Y	DP15
NCR13-WGS	DP15-plate1.2	NCR13	Y	DP15
NDU10-WGS	DP15-plate1.2	NDU10	Y	DP15
RA1006-WGS	DP15-plate1.2	RA1006	Y	DP15
TLC715-WGS	DP15-plate1.2	TLC715	Y	DP15
TLC720-WGS	DP15-plate1.2	TLC720	Y	DP15
TLC725-WGS	DP15-plate1.2	TLC725	Y	DP15
TLC726-WGS	DP15-plate1.2	TLC726	Y	DP15
TLC775-WGS	DP15-plate1.2	TLC775	Y	DP15
VMA18-WGS	DP15-plate1.2	VMA18	Y	DP15
VWG14-WGS	DP15-plate1.2	VWG14	Y	DP15
J333a	DP15-plate2	J333a	Y	DP15
J375-rep1	DP15-plate2	J375	Y	DP15
J392	DP15-plate2	J392	Y	DP15
J397	DP15-plate2	J397		DP15
J399	DP15-plate2	J399	Y	DP15
J400	DP15-plate2	J400	Y	DP15
J401	DP15-plate2	J401	Y	DP15
J402	DP15-plate2	J402	Y	DP15
J403	DP15-plate2	J403	Y	DP15
J404	DP15-plate2	J404	Y	DP15
J405	DP15-plate2	J405	Y	DP15
J406	DP15-plate2	J406	Y	DP15
J407	DP15-plate2	J407	Y	DP15
J408	DP15-plate2	J408	Y	DP15
J411	DP15-plate2	J411	Y	DP15
J412	DP15-plate2	J412	Y	DP15
J413	DP15-plate2	J413	Y	DP15
J414	DP15-plate2	J414	Y	DP15
J416	DP15-plate2	J416	Y	DP15
J417	DP15-plate2	J417	Y	DP15
J418	DP15-plate2	J418	Y	DP15
J419	DP15-plate2	J419	Y	DP15
J420	DP15-plate2	J420	Y	DP15
J421	DP15-plate2	J421	Y	DP15
J422	DP15-plate2	J422	Y	DP15
J423	DP15-plate2	J423	Y	DP15
J424	DP15-plate2	J424	Y	DP15
J427	DP15-plate2	J427	Y	DP15
J427a	DP15-plate2	J427a	Y	DP15
J431	DP15-plate2	J431	Y	DP15
J432	DP15-plate2	J432	Y	DP15
M1c	DP15-plate2	MelMosaic	Y	DP15
M2a	DP15-plate2	MelMosaic	Y	DP15
M2b	DP15-plate2	MelMosaic	Y	DP15
NE4583	DP15-plate2	NE4583	Y	DP15
NE10467	DP15-plate2	NE10467		DP15
NE25923	DP15-plate2	NE25923		DP15
NE25953	DP15-plate2	NE25953		DP15
NE35955	DP15-plate2	NE35955		DP15
NE35959	DP15-plate2	NE35959	Y	DP15
NE36811	DP15-plate2	NE36811	Y	DP15
NE37169	DP15-plate2	NE37169	Y	DP15
NE37647	DP15-plate2	NE37647	Y	DP15
NE67754	DP15-plate2	NE67754	Y	DP15
NE90535	DP15-plate2	NE90535	Y	DP15
VMA18	DP15-plate2	VMA18	Y	DP15
VMG14	DP15-plate2	VWG14	Y	DP15
SRR191872	DP15-sra	SRR191872	Y	DP15
SRR400875	DP15-sra	SRR400875	Y	DP15
SRR1386218	DP15-sra	SRR1386218	Y	DP15
SRR1386219	DP15-sra	SRR1386219	Y	DP15
SRR1386220	DP15-sra	SRR1386220	Y	DP15
SRR1386221	DP15-sra	SRR1386221	Y	DP15
SRR1386222	DP15-sra	SRR1386222	Y	DP15
SRR1392391	DP15-sra	SRR1392391	Y	DP15
SRR1392399	DP15-sra	SRR1392399	Y	DP15
SRR1392411	DP15-sra	SRR1392411	Y	DP15
SRR1448467	DP15-sra	SRR1448467	Y	DP15
